content_url,term,engagement rate,content_type,content_id,media_url
https://giphy.com/gifs/OHTbpDC8W1GTd6W8gS,jejus,0.00,GIF,OHTbpDC8W1GTd6W8gS,https://media.giphy.com/media/OHTbpDC8W1GTd6W8gS/giphy.gif
https://giphy.com/gifs/OHTbpDC8W1GTd6W8gS,happy holiday,0.00,GIF,OHTbpDC8W1GTd6W8gS,https://media.giphy.com/media/OHTbpDC8W1GTd6W8gS/giphy.gif
https://giphy.com/gifs/oBdA8KmfWVVGr05MrP,연말,1.15,GIF,oBdA8KmfWVVGr05MrP,https://media.giphy.com/media/oBdA8KmfWVVGr05MrP/giphy.gif
https://giphy.com/gifs/oBdA8KmfWVVGr05MrP,deaf,0.00,GIF,oBdA8KmfWVVGr05MrP,https://media.giphy.com/media/oBdA8KmfWVVGr05MrP/giphy.gif
https://giphy.com/gifs/oBdA8KmfWVVGr05MrP,goodjob,0.00,GIF,oBdA8KmfWVVGr05MrP,https://media.giphy.com/media/oBdA8KmfWVVGr05MrP/giphy.gif
https://giphy.com/gifs/oBdA8KmfWVVGr05MrP,새해인사,0.00,GIF,oBdA8KmfWVVGr05MrP,https://media.giphy.com/media/oBdA8KmfWVVGr05MrP/giphy.gif
https://giphy.com/gifs/MiUHPLYYzWtIcs9U9w,you can,0.00,GIF,MiUHPLYYzWtIcs9U9w,https://media.giphy.com/media/MiUHPLYYzWtIcs9U9w/giphy.gif
https://giphy.com/gifs/MiUHPLYYzWtIcs9U9w,cheer up,0.00,GIF,MiUHPLYYzWtIcs9U9w,https://media.giphy.com/media/MiUHPLYYzWtIcs9U9w/giphy.gif
https://giphy.com/gifs/rC6h0AlbhyTQaLK6Tj,feel sorry,0.00,GIF,rC6h0AlbhyTQaLK6Tj,https://media.giphy.com/media/rC6h0AlbhyTQaLK6Tj/giphy.gif
https://giphy.com/gifs/8lvZpIYoLMG5kTFJ3V,forreal,1.44,GIF,8lvZpIYoLMG5kTFJ3V,https://media.giphy.com/media/8lvZpIYoLMG5kTFJ3V/giphy.gif
https://giphy.com/gifs/ZTumXrSu1qx4rVEjQ4,happy holiday,0.00,GIF,ZTumXrSu1qx4rVEjQ4,https://media.giphy.com/media/ZTumXrSu1qx4rVEjQ4/giphy.gif
https://giphy.com/gifs/O8s3DTlnXL980Hf544,추석인사,1.72,GIF,O8s3DTlnXL980Hf544,https://media.giphy.com/media/O8s3DTlnXL980Hf544/giphy.gif
https://giphy.com/gifs/O8s3DTlnXL980Hf544,한가위,1.12,GIF,O8s3DTlnXL980Hf544,https://media.giphy.com/media/O8s3DTlnXL980Hf544/giphy.gif
https://giphy.com/gifs/O8s3DTlnXL980Hf544,명절,1.02,GIF,O8s3DTlnXL980Hf544,https://media.giphy.com/media/O8s3DTlnXL980Hf544/giphy.gif
https://giphy.com/gifs/O8s3DTlnXL980Hf544,추석,0.93,GIF,O8s3DTlnXL980Hf544,https://media.giphy.com/media/O8s3DTlnXL980Hf544/giphy.gif
https://giphy.com/gifs/O8s3DTlnXL980Hf544,송편,0.00,GIF,O8s3DTlnXL980Hf544,https://media.giphy.com/media/O8s3DTlnXL980Hf544/giphy.gif
https://giphy.com/gifs/wv7RT2KdgNbKRlzUrS,forreal,0.00,GIF,wv7RT2KdgNbKRlzUrS,https://media.giphy.com/media/wv7RT2KdgNbKRlzUrS/giphy.gif
https://giphy.com/gifs/wv7RT2KdgNbKRlzUrS,수어,0.00,GIF,wv7RT2KdgNbKRlzUrS,https://media.giphy.com/media/wv7RT2KdgNbKRlzUrS/giphy.gif
https://giphy.com/gifs/4SM4sqvfmTyaYob5gJ,삼일절,5.71,GIF,4SM4sqvfmTyaYob5gJ,https://media.giphy.com/media/4SM4sqvfmTyaYob5gJ/giphy.gif
https://giphy.com/gifs/4SM4sqvfmTyaYob5gJ,대한독립만세,1.59,GIF,4SM4sqvfmTyaYob5gJ,https://media.giphy.com/media/4SM4sqvfmTyaYob5gJ/giphy.gif
https://giphy.com/gifs/N7QV1I1XXXo5CuQfte,추석인사,1.55,GIF,N7QV1I1XXXo5CuQfte,https://media.giphy.com/media/N7QV1I1XXXo5CuQfte/giphy.gif
https://giphy.com/gifs/N7QV1I1XXXo5CuQfte,한가위,0.80,GIF,N7QV1I1XXXo5CuQfte,https://media.giphy.com/media/N7QV1I1XXXo5CuQfte/giphy.gif
https://giphy.com/gifs/N7QV1I1XXXo5CuQfte,추석,0.68,GIF,N7QV1I1XXXo5CuQfte,https://media.giphy.com/media/N7QV1I1XXXo5CuQfte/giphy.gif
https://giphy.com/gifs/N7QV1I1XXXo5CuQfte,송편,0.58,GIF,N7QV1I1XXXo5CuQfte,https://media.giphy.com/media/N7QV1I1XXXo5CuQfte/giphy.gif
https://giphy.com/gifs/N7QV1I1XXXo5CuQfte,명절,0.00,GIF,N7QV1I1XXXo5CuQfte,https://media.giphy.com/media/N7QV1I1XXXo5CuQfte/giphy.gif
https://giphy.com/gifs/XHlBqBEaPuAfxgYGba,새해복,4.16,GIF,XHlBqBEaPuAfxgYGba,https://media.giphy.com/media/XHlBqBEaPuAfxgYGba/giphy.gif
https://giphy.com/gifs/XHlBqBEaPuAfxgYGba,설날인사,3.70,GIF,XHlBqBEaPuAfxgYGba,https://media.giphy.com/media/XHlBqBEaPuAfxgYGba/giphy.gif
https://giphy.com/gifs/XHlBqBEaPuAfxgYGba,설날,1.96,GIF,XHlBqBEaPuAfxgYGba,https://media.giphy.com/media/XHlBqBEaPuAfxgYGba/giphy.gif
https://giphy.com/gifs/vIrvIuOPjCiBWcBhAE,새해복,3.43,GIF,vIrvIuOPjCiBWcBhAE,https://media.giphy.com/media/vIrvIuOPjCiBWcBhAE/giphy.gif
https://giphy.com/gifs/vIrvIuOPjCiBWcBhAE,명절,2.86,GIF,vIrvIuOPjCiBWcBhAE,https://media.giphy.com/media/vIrvIuOPjCiBWcBhAE/giphy.gif
https://giphy.com/gifs/vIrvIuOPjCiBWcBhAE,설날인사,1.28,GIF,vIrvIuOPjCiBWcBhAE,https://media.giphy.com/media/vIrvIuOPjCiBWcBhAE/giphy.gif
https://giphy.com/gifs/vIrvIuOPjCiBWcBhAE,설날,0.00,GIF,vIrvIuOPjCiBWcBhAE,https://media.giphy.com/media/vIrvIuOPjCiBWcBhAE/giphy.gif
https://giphy.com/gifs/tuwGIdN1Rdk70px5di,리액션,0.47,GIF,tuwGIdN1Rdk70px5di,https://media.giphy.com/media/tuwGIdN1Rdk70px5di/giphy.gif
https://giphy.com/gifs/bBfHrUGQMwbw4qVD4b,리액션,0.71,GIF,bBfHrUGQMwbw4qVD4b,https://media.giphy.com/media/bBfHrUGQMwbw4qVD4b/giphy.gif
https://giphy.com/gifs/uSgHfoNgltaq10rTUg,리액션,0.00,GIF,uSgHfoNgltaq10rTUg,https://media.giphy.com/media/uSgHfoNgltaq10rTUg/giphy.gif
https://giphy.com/gifs/2OLxxZmAbNlUOQ9cW1,리액션,0.00,GIF,2OLxxZmAbNlUOQ9cW1,https://media.giphy.com/media/2OLxxZmAbNlUOQ9cW1/giphy.gif
https://giphy.com/gifs/ISKpwnfQYmdr8Jsxmy,ksl,0.00,GIF,ISKpwnfQYmdr8Jsxmy,https://media.giphy.com/media/ISKpwnfQYmdr8Jsxmy/giphy.gif
https://giphy.com/gifs/mffFSimudRWiSFKxlJ,카네이션,1.38,GIF,mffFSimudRWiSFKxlJ,https://media.giphy.com/media/mffFSimudRWiSFKxlJ/giphy.gif
https://giphy.com/gifs/8OVtX9l9hGIiLuTHmk,ksl,0.00,GIF,8OVtX9l9hGIiLuTHmk,https://media.giphy.com/media/8OVtX9l9hGIiLuTHmk/giphy.gif
https://giphy.com/gifs/NicvskaAiobRrohuWs,카네이션,2.03,GIF,NicvskaAiobRrohuWs,https://media.giphy.com/media/NicvskaAiobRrohuWs/giphy.gif
https://giphy.com/gifs/o61frBC7OK1iQLgpRN,음식,0.57,GIF,o61frBC7OK1iQLgpRN,https://media.giphy.com/media/o61frBC7OK1iQLgpRN/giphy.gif
https://giphy.com/gifs/o61frBC7OK1iQLgpRN,food,0.31,GIF,o61frBC7OK1iQLgpRN,https://media.giphy.com/media/o61frBC7OK1iQLgpRN/giphy.gif
https://giphy.com/gifs/o61frBC7OK1iQLgpRN,deaf,0.10,GIF,o61frBC7OK1iQLgpRN,https://media.giphy.com/media/o61frBC7OK1iQLgpRN/giphy.gif
https://giphy.com/gifs/o61frBC7OK1iQLgpRN,eve,0.09,GIF,o61frBC7OK1iQLgpRN,https://media.giphy.com/media/o61frBC7OK1iQLgpRN/giphy.gif
https://giphy.com/gifs/o61frBC7OK1iQLgpRN,sign,0.00,GIF,o61frBC7OK1iQLgpRN,https://media.giphy.com/media/o61frBC7OK1iQLgpRN/giphy.gif
https://giphy.com/gifs/Fm00P7dwLoeREAzdto,deaf,0.00,GIF,Fm00P7dwLoeREAzdto,https://media.giphy.com/media/Fm00P7dwLoeREAzdto/giphy.gif
https://giphy.com/gifs/Fm00P7dwLoeREAzdto,sign,0.00,GIF,Fm00P7dwLoeREAzdto,https://media.giphy.com/media/Fm00P7dwLoeREAzdto/giphy.gif
https://giphy.com/gifs/Fm00P7dwLoeREAzdto,adam,0.00,GIF,Fm00P7dwLoeREAzdto,https://media.giphy.com/media/Fm00P7dwLoeREAzdto/giphy.gif
https://giphy.com/gifs/8iT6qzGeUENpdwhroR,is,0.00,GIF,8iT6qzGeUENpdwhroR,https://media.giphy.com/media/8iT6qzGeUENpdwhroR/giphy.gif
https://giphy.com/gifs/oPVf25PHuLhBrKnjWP,is,0.00,GIF,oPVf25PHuLhBrKnjWP,https://media.giphy.com/media/oPVf25PHuLhBrKnjWP/giphy.gif
https://giphy.com/gifs/izakgh1KZXjdFwIkwD,sign,0.98,GIF,izakgh1KZXjdFwIkwD,https://media.giphy.com/media/izakgh1KZXjdFwIkwD/giphy.gif
https://giphy.com/gifs/izakgh1KZXjdFwIkwD,deaf,0.43,GIF,izakgh1KZXjdFwIkwD,https://media.giphy.com/media/izakgh1KZXjdFwIkwD/giphy.gif
https://giphy.com/gifs/cj7o2Dqqe8j6QJnA5J,you are the best,0.35,GIF,cj7o2Dqqe8j6QJnA5J,https://media.giphy.com/media/cj7o2Dqqe8j6QJnA5J/giphy.gif
https://giphy.com/gifs/cj7o2Dqqe8j6QJnA5J,수어,0.00,GIF,cj7o2Dqqe8j6QJnA5J,https://media.giphy.com/media/cj7o2Dqqe8j6QJnA5J/giphy.gif
https://giphy.com/gifs/EtcWf02xPLQ2snirnN,deaf,0.00,GIF,EtcWf02xPLQ2snirnN,https://media.giphy.com/media/EtcWf02xPLQ2snirnN/giphy.gif
https://giphy.com/gifs/EtcWf02xPLQ2snirnN,sign,0.00,GIF,EtcWf02xPLQ2snirnN,https://media.giphy.com/media/EtcWf02xPLQ2snirnN/giphy.gif
https://giphy.com/gifs/1DDPC04HwRDga9QeJT,hassle,0.00,GIF,1DDPC04HwRDga9QeJT,https://media.giphy.com/media/1DDPC04HwRDga9QeJT/giphy.gif
https://giphy.com/gifs/T0keQCuHLePTqpN7pG,timid,0.00,GIF,T0keQCuHLePTqpN7pG,https://media.giphy.com/media/T0keQCuHLePTqpN7pG/giphy.gif
https://giphy.com/gifs/dRcHcbG54z7PgzeKJg,dign,0.00,GIF,dRcHcbG54z7PgzeKJg,https://media.giphy.com/media/dRcHcbG54z7PgzeKJg/giphy.gif
https://giphy.com/gifs/rreJLKkjrjbkZmbosr,jeju,0.00,GIF,rreJLKkjrjbkZmbosr,https://media.giphy.com/media/rreJLKkjrjbkZmbosr/giphy.gif
https://giphy.com/gifs/4YNzHzbCatulmdx0co,리액션,0.22,GIF,4YNzHzbCatulmdx0co,https://media.giphy.com/media/4YNzHzbCatulmdx0co/giphy.gif
https://giphy.com/gifs/wwr1ZGcLDVm99kOu8R,리액션,0.00,GIF,wwr1ZGcLDVm99kOu8R,https://media.giphy.com/media/wwr1ZGcLDVm99kOu8R/giphy.gif
https://giphy.com/gifs/1gVp8z2jOf1tPPaYHZ,장마,1.11,GIF,1gVp8z2jOf1tPPaYHZ,https://media.giphy.com/media/1gVp8z2jOf1tPPaYHZ/giphy.gif
https://giphy.com/gifs/1gVp8z2jOf1tPPaYHZ,태풍,0.00,GIF,1gVp8z2jOf1tPPaYHZ,https://media.giphy.com/media/1gVp8z2jOf1tPPaYHZ/giphy.gif
https://giphy.com/gifs/4qQlzJL4PkcMkbbqnG,음식,0.44,GIF,4qQlzJL4PkcMkbbqnG,https://media.giphy.com/media/4qQlzJL4PkcMkbbqnG/giphy.gif
https://giphy.com/gifs/4qQlzJL4PkcMkbbqnG,food,0.14,GIF,4qQlzJL4PkcMkbbqnG,https://media.giphy.com/media/4qQlzJL4PkcMkbbqnG/giphy.gif
https://giphy.com/gifs/4qQlzJL4PkcMkbbqnG,yummy,0.02,GIF,4qQlzJL4PkcMkbbqnG,https://media.giphy.com/media/4qQlzJL4PkcMkbbqnG/giphy.gif
https://giphy.com/gifs/4qQlzJL4PkcMkbbqnG,deaf,0.00,GIF,4qQlzJL4PkcMkbbqnG,https://media.giphy.com/media/4qQlzJL4PkcMkbbqnG/giphy.gif
https://giphy.com/gifs/4qQlzJL4PkcMkbbqnG,sign,0.00,GIF,4qQlzJL4PkcMkbbqnG,https://media.giphy.com/media/4qQlzJL4PkcMkbbqnG/giphy.gif
https://giphy.com/gifs/YBeyaSooHFwpoDeNAP,foreigner,0.00,GIF,YBeyaSooHFwpoDeNAP,https://media.giphy.com/media/YBeyaSooHFwpoDeNAP/giphy.gif
https://giphy.com/gifs/TgzwLx6F5DE4N93dMr,deaf,0.00,GIF,TgzwLx6F5DE4N93dMr,https://media.giphy.com/media/TgzwLx6F5DE4N93dMr/giphy.gif
https://giphy.com/gifs/TgzwLx6F5DE4N93dMr,sign,0.00,GIF,TgzwLx6F5DE4N93dMr,https://media.giphy.com/media/TgzwLx6F5DE4N93dMr/giphy.gif
https://giphy.com/gifs/FCqsSAbr2GDLVn9T9G,sign,1.35,GIF,FCqsSAbr2GDLVn9T9G,https://media.giphy.com/media/FCqsSAbr2GDLVn9T9G/giphy.gif
https://giphy.com/gifs/FCqsSAbr2GDLVn9T9G,deaf,0.00,GIF,FCqsSAbr2GDLVn9T9G,https://media.giphy.com/media/FCqsSAbr2GDLVn9T9G/giphy.gif
https://giphy.com/gifs/4Zxt7ep9tA6rn65k6B,deaf,0.00,GIF,4Zxt7ep9tA6rn65k6B,https://media.giphy.com/media/4Zxt7ep9tA6rn65k6B/giphy.gif
https://giphy.com/gifs/4Zxt7ep9tA6rn65k6B,sign,0.00,GIF,4Zxt7ep9tA6rn65k6B,https://media.giphy.com/media/4Zxt7ep9tA6rn65k6B/giphy.gif
https://giphy.com/gifs/4Zxt7ep9tA6rn65k6B,adam,0.00,GIF,4Zxt7ep9tA6rn65k6B,https://media.giphy.com/media/4Zxt7ep9tA6rn65k6B/giphy.gif
https://giphy.com/gifs/lIWcwMU9K0BM5rbWuw,장마,2.60,GIF,lIWcwMU9K0BM5rbWuw,https://media.giphy.com/media/lIWcwMU9K0BM5rbWuw/giphy.gif
https://giphy.com/gifs/lIWcwMU9K0BM5rbWuw,태풍,0.00,GIF,lIWcwMU9K0BM5rbWuw,https://media.giphy.com/media/lIWcwMU9K0BM5rbWuw/giphy.gif
https://giphy.com/gifs/tcoWDXSKtiyewUCcXY,투표,13.04,GIF,tcoWDXSKtiyewUCcXY,https://media.giphy.com/media/tcoWDXSKtiyewUCcXY/giphy.gif
https://giphy.com/gifs/tcoWDXSKtiyewUCcXY,politic,0.13,GIF,tcoWDXSKtiyewUCcXY,https://media.giphy.com/media/tcoWDXSKtiyewUCcXY/giphy.gif
https://giphy.com/gifs/tcoWDXSKtiyewUCcXY,republic,0.09,GIF,tcoWDXSKtiyewUCcXY,https://media.giphy.com/media/tcoWDXSKtiyewUCcXY/giphy.gif
https://giphy.com/stickers/2HRvUOnWkF2XyCPQDM,오징어게임,0.85,STICKER,2HRvUOnWkF2XyCPQDM,https://media.giphy.com/media/2HRvUOnWkF2XyCPQDM/giphy.gif
https://giphy.com/stickers/2HRvUOnWkF2XyCPQDM,deaf,0.80,STICKER,2HRvUOnWkF2XyCPQDM,https://media.giphy.com/media/2HRvUOnWkF2XyCPQDM/giphy.gif
https://giphy.com/stickers/2HRvUOnWkF2XyCPQDM,squid,0.62,STICKER,2HRvUOnWkF2XyCPQDM,https://media.giphy.com/media/2HRvUOnWkF2XyCPQDM/giphy.gif
https://giphy.com/gifs/OhQW0OmfX7ogHJMCnd,해피뉴이어,0.15,GIF,OhQW0OmfX7ogHJMCnd,https://media.giphy.com/media/OhQW0OmfX7ogHJMCnd/giphy.gif
https://giphy.com/gifs/OhQW0OmfX7ogHJMCnd,이큐포올,0.00,GIF,OhQW0OmfX7ogHJMCnd,https://media.giphy.com/media/OhQW0OmfX7ogHJMCnd/giphy.gif
https://giphy.com/stickers/F8ii1G5QTpIeWZTQih,permission to dance,1.02,STICKER,F8ii1G5QTpIeWZTQih,https://media.giphy.com/media/F8ii1G5QTpIeWZTQih/giphy.gif
https://giphy.com/gifs/WM4RoPGx4xBMNc58m1,dalgona,15.35,GIF,WM4RoPGx4xBMNc58m1,https://media.giphy.com/media/WM4RoPGx4xBMNc58m1/giphy.gif
https://giphy.com/gifs/WM4RoPGx4xBMNc58m1,달고나,4.20,GIF,WM4RoPGx4xBMNc58m1,https://media.giphy.com/media/WM4RoPGx4xBMNc58m1/giphy.gif
https://giphy.com/gifs/WM4RoPGx4xBMNc58m1,squid,1.29,GIF,WM4RoPGx4xBMNc58m1,https://media.giphy.com/media/WM4RoPGx4xBMNc58m1/giphy.gif
https://giphy.com/gifs/WM4RoPGx4xBMNc58m1,오징어게임,0.87,GIF,WM4RoPGx4xBMNc58m1,https://media.giphy.com/media/WM4RoPGx4xBMNc58m1/giphy.gif
https://giphy.com/gifs/WM4RoPGx4xBMNc58m1,deaf,0.00,GIF,WM4RoPGx4xBMNc58m1,https://media.giphy.com/media/WM4RoPGx4xBMNc58m1/giphy.gif
https://giphy.com/gifs/WM4RoPGx4xBMNc58m1,수어,0.00,GIF,WM4RoPGx4xBMNc58m1,https://media.giphy.com/media/WM4RoPGx4xBMNc58m1/giphy.gif
https://giphy.com/gifs/uKRJG2YlRU1xmk6Iv8,im angry,0.88,GIF,uKRJG2YlRU1xmk6Iv8,https://media.giphy.com/media/uKRJG2YlRU1xmk6Iv8/giphy.gif
https://giphy.com/gifs/uKRJG2YlRU1xmk6Iv8,im mad,0.21,GIF,uKRJG2YlRU1xmk6Iv8,https://media.giphy.com/media/uKRJG2YlRU1xmk6Iv8/giphy.gif
https://giphy.com/gifs/lgsWuR26pGShvOhTJd,추석인사,5.45,GIF,lgsWuR26pGShvOhTJd,https://media.giphy.com/media/lgsWuR26pGShvOhTJd/giphy.gif
https://giphy.com/gifs/lgsWuR26pGShvOhTJd,한가위,3.77,GIF,lgsWuR26pGShvOhTJd,https://media.giphy.com/media/lgsWuR26pGShvOhTJd/giphy.gif
https://giphy.com/gifs/lgsWuR26pGShvOhTJd,명절,2.88,GIF,lgsWuR26pGShvOhTJd,https://media.giphy.com/media/lgsWuR26pGShvOhTJd/giphy.gif
https://giphy.com/gifs/lgsWuR26pGShvOhTJd,추석,2.74,GIF,lgsWuR26pGShvOhTJd,https://media.giphy.com/media/lgsWuR26pGShvOhTJd/giphy.gif
https://giphy.com/gifs/lgsWuR26pGShvOhTJd,thanks giving day,1.56,GIF,lgsWuR26pGShvOhTJd,https://media.giphy.com/media/lgsWuR26pGShvOhTJd/giphy.gif
https://giphy.com/gifs/lgsWuR26pGShvOhTJd,chuseok,1.05,GIF,lgsWuR26pGShvOhTJd,https://media.giphy.com/media/lgsWuR26pGShvOhTJd/giphy.gif
https://giphy.com/gifs/lgsWuR26pGShvOhTJd,korea,0.29,GIF,lgsWuR26pGShvOhTJd,https://media.giphy.com/media/lgsWuR26pGShvOhTJd/giphy.gif
https://giphy.com/gifs/lgsWuR26pGShvOhTJd,traditional,0.27,GIF,lgsWuR26pGShvOhTJd,https://media.giphy.com/media/lgsWuR26pGShvOhTJd/giphy.gif
https://giphy.com/gifs/lgsWuR26pGShvOhTJd,gathering,0.23,GIF,lgsWuR26pGShvOhTJd,https://media.giphy.com/media/lgsWuR26pGShvOhTJd/giphy.gif
https://giphy.com/gifs/hopKnfxC2ajwo8Jrmv,im angry,1.79,GIF,hopKnfxC2ajwo8Jrmv,https://media.giphy.com/media/hopKnfxC2ajwo8Jrmv/giphy.gif
https://giphy.com/gifs/hopKnfxC2ajwo8Jrmv,im mad,0.60,GIF,hopKnfxC2ajwo8Jrmv,https://media.giphy.com/media/hopKnfxC2ajwo8Jrmv/giphy.gif
https://giphy.com/stickers/DOIHixNuJaHvwQoG3e,deaf,0.00,STICKER,DOIHixNuJaHvwQoG3e,https://media.giphy.com/media/DOIHixNuJaHvwQoG3e/giphy.gif
https://giphy.com/gifs/2JBljuf2ByHYdTFxg3,설날,1.07,GIF,2JBljuf2ByHYdTFxg3,https://media.giphy.com/media/2JBljuf2ByHYdTFxg3/giphy.gif
https://giphy.com/gifs/2JBljuf2ByHYdTFxg3,ksl,0.28,GIF,2JBljuf2ByHYdTFxg3,https://media.giphy.com/media/2JBljuf2ByHYdTFxg3/giphy.gif
https://giphy.com/gifs/2JBljuf2ByHYdTFxg3,수어,0.00,GIF,2JBljuf2ByHYdTFxg3,https://media.giphy.com/media/2JBljuf2ByHYdTFxg3/giphy.gif
https://giphy.com/gifs/2JBljuf2ByHYdTFxg3,이큐포올,0.00,GIF,2JBljuf2ByHYdTFxg3,https://media.giphy.com/media/2JBljuf2ByHYdTFxg3/giphy.gif
https://giphy.com/stickers/xNSaBjV0oYGhdsjofl,sign language,1.67,STICKER,xNSaBjV0oYGhdsjofl,https://media.giphy.com/media/xNSaBjV0oYGhdsjofl/giphy.gif
https://giphy.com/gifs/aKoQKo360r0fW6LkIi,turkiye,2.02,GIF,aKoQKo360r0fW6LkIi,https://media.giphy.com/media/aKoQKo360r0fW6LkIi/giphy.gif
https://giphy.com/gifs/aKoQKo360r0fW6LkIi,earth quake,0.03,GIF,aKoQKo360r0fW6LkIi,https://media.giphy.com/media/aKoQKo360r0fW6LkIi/giphy.gif
https://giphy.com/stickers/VStY1nD6zpJdJK6f5j,어린이날,1.59,STICKER,VStY1nD6zpJdJK6f5j,https://media.giphy.com/media/VStY1nD6zpJdJK6f5j/giphy.gif
https://giphy.com/gifs/RTNnqLtRCfExKrNHz9,신년,1.95,GIF,RTNnqLtRCfExKrNHz9,https://media.giphy.com/media/RTNnqLtRCfExKrNHz9/giphy.gif
https://giphy.com/gifs/RTNnqLtRCfExKrNHz9,lunar,0.00,GIF,RTNnqLtRCfExKrNHz9,https://media.giphy.com/media/RTNnqLtRCfExKrNHz9/giphy.gif
https://giphy.com/gifs/RTNnqLtRCfExKrNHz9,한복,0.00,GIF,RTNnqLtRCfExKrNHz9,https://media.giphy.com/media/RTNnqLtRCfExKrNHz9/giphy.gif
https://giphy.com/gifs/xloHmqY5LNj0DmCyj2,리액션,0.34,GIF,xloHmqY5LNj0DmCyj2,https://media.giphy.com/media/xloHmqY5LNj0DmCyj2/giphy.gif
https://giphy.com/stickers/oegyvvFktPOURjDHg9,어린이날,3.12,STICKER,oegyvvFktPOURjDHg9,https://media.giphy.com/media/oegyvvFktPOURjDHg9/giphy.gif
https://giphy.com/gifs/Zehu9hxFFSmcxg3TGm,my treat,0.59,GIF,Zehu9hxFFSmcxg3TGm,https://media.giphy.com/media/Zehu9hxFFSmcxg3TGm/giphy.gif
https://giphy.com/gifs/upiJ8O4B4B4Yu7ljXF,deaf,0.00,GIF,upiJ8O4B4B4Yu7ljXF,https://media.giphy.com/media/upiJ8O4B4B4Yu7ljXF/giphy.gif
https://giphy.com/gifs/upiJ8O4B4B4Yu7ljXF,ksl,0.00,GIF,upiJ8O4B4B4Yu7ljXF,https://media.giphy.com/media/upiJ8O4B4B4Yu7ljXF/giphy.gif
https://giphy.com/gifs/m2u88XzezD9M4Dvqz5,permission to dance,8.78,GIF,m2u88XzezD9M4Dvqz5,https://media.giphy.com/media/m2u88XzezD9M4Dvqz5/giphy.gif
https://giphy.com/gifs/KfgPprSvaNPEF73wDV,카네이션,0.28,GIF,KfgPprSvaNPEF73wDV,https://media.giphy.com/media/KfgPprSvaNPEF73wDV/giphy.gif
https://giphy.com/gifs/loJpjhG0OoS8KuE3v7,수어,15.00,GIF,loJpjhG0OoS8KuE3v7,https://media.giphy.com/media/loJpjhG0OoS8KuE3v7/giphy.gif
https://giphy.com/gifs/P3kOxRgV3gHHz6vq2x,my treat,0.56,GIF,P3kOxRgV3gHHz6vq2x,https://media.giphy.com/media/P3kOxRgV3gHHz6vq2x/giphy.gif
https://giphy.com/gifs/P3kOxRgV3gHHz6vq2x,reward,0.00,GIF,P3kOxRgV3gHHz6vq2x,https://media.giphy.com/media/P3kOxRgV3gHHz6vq2x/giphy.gif
https://giphy.com/gifs/OTYwlKuRX5ghvrGunW,리액션,0.24,GIF,OTYwlKuRX5ghvrGunW,https://media.giphy.com/media/OTYwlKuRX5ghvrGunW/giphy.gif
https://giphy.com/gifs/ciOjIU8Fifp68tf0iX,메리크리스마스,0.45,GIF,ciOjIU8Fifp68tf0iX,https://media.giphy.com/media/ciOjIU8Fifp68tf0iX/giphy.gif
https://giphy.com/gifs/ciOjIU8Fifp68tf0iX,ksl,0.00,GIF,ciOjIU8Fifp68tf0iX,https://media.giphy.com/media/ciOjIU8Fifp68tf0iX/giphy.gif
https://giphy.com/gifs/ciOjIU8Fifp68tf0iX,christmas,0.00,GIF,ciOjIU8Fifp68tf0iX,https://media.giphy.com/media/ciOjIU8Fifp68tf0iX/giphy.gif
https://giphy.com/gifs/gw8pF5IgZrsQbpi9pv,한가위,1.22,GIF,gw8pF5IgZrsQbpi9pv,https://media.giphy.com/media/gw8pF5IgZrsQbpi9pv/giphy.gif
https://giphy.com/gifs/gw8pF5IgZrsQbpi9pv,추석,0.77,GIF,gw8pF5IgZrsQbpi9pv,https://media.giphy.com/media/gw8pF5IgZrsQbpi9pv/giphy.gif
https://giphy.com/gifs/gw8pF5IgZrsQbpi9pv,thanks giving,0.00,GIF,gw8pF5IgZrsQbpi9pv,https://media.giphy.com/media/gw8pF5IgZrsQbpi9pv/giphy.gif
https://giphy.com/gifs/gw8pF5IgZrsQbpi9pv,명절,0.00,GIF,gw8pF5IgZrsQbpi9pv,https://media.giphy.com/media/gw8pF5IgZrsQbpi9pv/giphy.gif
https://giphy.com/gifs/gw8pF5IgZrsQbpi9pv,lunar,0.00,GIF,gw8pF5IgZrsQbpi9pv,https://media.giphy.com/media/gw8pF5IgZrsQbpi9pv/giphy.gif
https://giphy.com/gifs/gw8pF5IgZrsQbpi9pv,korea,0.00,GIF,gw8pF5IgZrsQbpi9pv,https://media.giphy.com/media/gw8pF5IgZrsQbpi9pv/giphy.gif
https://giphy.com/gifs/j0yFzFlQtF5dRKWecD,special needs,0.16,GIF,j0yFzFlQtF5dRKWecD,https://media.giphy.com/media/j0yFzFlQtF5dRKWecD/giphy.gif
https://giphy.com/gifs/j0yFzFlQtF5dRKWecD,0420,0.00,GIF,j0yFzFlQtF5dRKWecD,https://media.giphy.com/media/j0yFzFlQtF5dRKWecD/giphy.gif
https://giphy.com/gifs/j0yFzFlQtF5dRKWecD,april 20th,0.00,GIF,j0yFzFlQtF5dRKWecD,https://media.giphy.com/media/j0yFzFlQtF5dRKWecD/giphy.gif
https://giphy.com/gifs/MDcajZ3TwyHotuDP2A,5월,0.90,GIF,MDcajZ3TwyHotuDP2A,https://media.giphy.com/media/MDcajZ3TwyHotuDP2A/giphy.gif
https://giphy.com/gifs/MDcajZ3TwyHotuDP2A,스승,0.00,GIF,MDcajZ3TwyHotuDP2A,https://media.giphy.com/media/MDcajZ3TwyHotuDP2A/giphy.gif
https://giphy.com/gifs/Q0iggPyoT4SgDCrUkZ,jejus,0.00,GIF,Q0iggPyoT4SgDCrUkZ,https://media.giphy.com/media/Q0iggPyoT4SgDCrUkZ/giphy.gif
https://giphy.com/gifs/Q0iggPyoT4SgDCrUkZ,이큐포올,0.00,GIF,Q0iggPyoT4SgDCrUkZ,https://media.giphy.com/media/Q0iggPyoT4SgDCrUkZ/giphy.gif
https://giphy.com/gifs/BGpKN6h5upQlgmG0T2,카네이션,0.08,GIF,BGpKN6h5upQlgmG0T2,https://media.giphy.com/media/BGpKN6h5upQlgmG0T2/giphy.gif
https://giphy.com/gifs/4tIHFVTMvcWbz3Mky8,어린이날,1.63,GIF,4tIHFVTMvcWbz3Mky8,https://media.giphy.com/media/4tIHFVTMvcWbz3Mky8/giphy.gif
https://giphy.com/gifs/Gl75WsnAh6b6I1QCkT,passed away,0.00,GIF,Gl75WsnAh6b6I1QCkT,https://media.giphy.com/media/Gl75WsnAh6b6I1QCkT/giphy.gif
https://giphy.com/gifs/PuXfTFUFmmXAz8H5ef,스승,0.00,GIF,PuXfTFUFmmXAz8H5ef,https://media.giphy.com/media/PuXfTFUFmmXAz8H5ef/giphy.gif
https://giphy.com/gifs/85PMhnLerBLIzE2b3I,신년,0.00,GIF,85PMhnLerBLIzE2b3I,https://media.giphy.com/media/85PMhnLerBLIzE2b3I/giphy.gif
https://giphy.com/gifs/dxzRoAEDBArHYMeJ5H,어린이날,1.17,GIF,dxzRoAEDBArHYMeJ5H,https://media.giphy.com/media/dxzRoAEDBArHYMeJ5H/giphy.gif
https://giphy.com/stickers/7quF2sbeeep0ohS8N9,video call,0.14,STICKER,7quF2sbeeep0ohS8N9,https://media.giphy.com/media/7quF2sbeeep0ohS8N9/giphy.gif
https://giphy.com/stickers/7quF2sbeeep0ohS8N9,imo,0.08,STICKER,7quF2sbeeep0ohS8N9,https://media.giphy.com/media/7quF2sbeeep0ohS8N9/giphy.gif
https://giphy.com/stickers/7quF2sbeeep0ohS8N9,facetime,0.00,STICKER,7quF2sbeeep0ohS8N9,https://media.giphy.com/media/7quF2sbeeep0ohS8N9/giphy.gif
https://giphy.com/gifs/pLsMCvMmUlu1OPy1cK,스승,4.35,GIF,pLsMCvMmUlu1OPy1cK,https://media.giphy.com/media/pLsMCvMmUlu1OPy1cK/giphy.gif
https://giphy.com/gifs/pLsMCvMmUlu1OPy1cK,teachers day,1.47,GIF,pLsMCvMmUlu1OPy1cK,https://media.giphy.com/media/pLsMCvMmUlu1OPy1cK/giphy.gif
https://giphy.com/gifs/pLsMCvMmUlu1OPy1cK,스승의날,1.46,GIF,pLsMCvMmUlu1OPy1cK,https://media.giphy.com/media/pLsMCvMmUlu1OPy1cK/giphy.gif
https://giphy.com/gifs/pLsMCvMmUlu1OPy1cK,수어,0.00,GIF,pLsMCvMmUlu1OPy1cK,https://media.giphy.com/media/pLsMCvMmUlu1OPy1cK/giphy.gif
https://giphy.com/gifs/pLsMCvMmUlu1OPy1cK,eq4all,0.00,GIF,pLsMCvMmUlu1OPy1cK,https://media.giphy.com/media/pLsMCvMmUlu1OPy1cK/giphy.gif
https://giphy.com/stickers/zGOarGaBByoXSgAamq,where,0.17,STICKER,zGOarGaBByoXSgAamq,https://media.giphy.com/media/zGOarGaBByoXSgAamq/giphy.gif
https://giphy.com/stickers/zGOarGaBByoXSgAamq,place,0.00,STICKER,zGOarGaBByoXSgAamq,https://media.giphy.com/media/zGOarGaBByoXSgAamq/giphy.gif
https://giphy.com/gifs/jBqTFdsrS70YmgxgYt,happy marriage,0.82,GIF,jBqTFdsrS70YmgxgYt,https://media.giphy.com/media/jBqTFdsrS70YmgxgYt/giphy.gif
https://giphy.com/gifs/jBqTFdsrS70YmgxgYt,happy wedding,0.67,GIF,jBqTFdsrS70YmgxgYt,https://media.giphy.com/media/jBqTFdsrS70YmgxgYt/giphy.gif
https://giphy.com/gifs/jBqTFdsrS70YmgxgYt,리액션,0.21,GIF,jBqTFdsrS70YmgxgYt,https://media.giphy.com/media/jBqTFdsrS70YmgxgYt/giphy.gif
https://giphy.com/stickers/TxFCje4TAG8NehHq7t,weary,0.45,STICKER,TxFCje4TAG8NehHq7t,https://media.giphy.com/media/TxFCje4TAG8NehHq7t/giphy.gif
https://giphy.com/stickers/o5ndg7twKV8tgi8T0R,happy birth day,0.62,STICKER,o5ndg7twKV8tgi8T0R,https://media.giphy.com/media/o5ndg7twKV8tgi8T0R/giphy.gif
https://giphy.com/stickers/bEicsaM5x1X61np0pH,weary,0.08,STICKER,bEicsaM5x1X61np0pH,https://media.giphy.com/media/bEicsaM5x1X61np0pH/giphy.gif
https://giphy.com/stickers/UQmrKklbDhcRaVKBm2,happy birth day,0.31,STICKER,UQmrKklbDhcRaVKBm2,https://media.giphy.com/media/UQmrKklbDhcRaVKBm2/giphy.gif
https://giphy.com/stickers/wxD9i3pmOw4GzkZrjF,deaf,1.23,STICKER,wxD9i3pmOw4GzkZrjF,https://media.giphy.com/media/wxD9i3pmOw4GzkZrjF/giphy.gif
https://giphy.com/stickers/wxD9i3pmOw4GzkZrjF,video call,0.20,STICKER,wxD9i3pmOw4GzkZrjF,https://media.giphy.com/media/wxD9i3pmOw4GzkZrjF/giphy.gif
https://giphy.com/stickers/wxD9i3pmOw4GzkZrjF,imo,0.04,STICKER,wxD9i3pmOw4GzkZrjF,https://media.giphy.com/media/wxD9i3pmOw4GzkZrjF/giphy.gif
https://giphy.com/stickers/wxD9i3pmOw4GzkZrjF,kakao,0.00,STICKER,wxD9i3pmOw4GzkZrjF,https://media.giphy.com/media/wxD9i3pmOw4GzkZrjF/giphy.gif
https://giphy.com/stickers/wxD9i3pmOw4GzkZrjF,sign language,0.00,STICKER,wxD9i3pmOw4GzkZrjF,https://media.giphy.com/media/wxD9i3pmOw4GzkZrjF/giphy.gif
https://giphy.com/stickers/sUyc0VpoDIeRaOsJBw,congratulation,0.00,STICKER,sUyc0VpoDIeRaOsJBw,https://media.giphy.com/media/sUyc0VpoDIeRaOsJBw/giphy.gif
https://giphy.com/stickers/6tbxjBjJzQgY60ghHy,congratulate,0.23,STICKER,6tbxjBjJzQgY60ghHy,https://media.giphy.com/media/6tbxjBjJzQgY60ghHy/giphy.gif
https://giphy.com/gifs/8ZkGWzf3OwKlybzGW7,이큐포올,23.81,GIF,8ZkGWzf3OwKlybzGW7,https://media.giphy.com/media/8ZkGWzf3OwKlybzGW7/giphy.gif
https://giphy.com/gifs/8ZkGWzf3OwKlybzGW7,리액션,4.66,GIF,8ZkGWzf3OwKlybzGW7,https://media.giphy.com/media/8ZkGWzf3OwKlybzGW7/giphy.gif
https://giphy.com/gifs/8ZkGWzf3OwKlybzGW7,굿,2.83,GIF,8ZkGWzf3OwKlybzGW7,https://media.giphy.com/media/8ZkGWzf3OwKlybzGW7/giphy.gif
https://giphy.com/gifs/8ZkGWzf3OwKlybzGW7,따봉,2.47,GIF,8ZkGWzf3OwKlybzGW7,https://media.giphy.com/media/8ZkGWzf3OwKlybzGW7/giphy.gif
https://giphy.com/gifs/8ZkGWzf3OwKlybzGW7,goodjob,2.27,GIF,8ZkGWzf3OwKlybzGW7,https://media.giphy.com/media/8ZkGWzf3OwKlybzGW7/giphy.gif
https://giphy.com/gifs/8ZkGWzf3OwKlybzGW7,eq4all,1.09,GIF,8ZkGWzf3OwKlybzGW7,https://media.giphy.com/media/8ZkGWzf3OwKlybzGW7/giphy.gif
https://giphy.com/gifs/8ZkGWzf3OwKlybzGW7,ksl,0.00,GIF,8ZkGWzf3OwKlybzGW7,https://media.giphy.com/media/8ZkGWzf3OwKlybzGW7/giphy.gif
https://giphy.com/gifs/8ZkGWzf3OwKlybzGW7,수어,0.00,GIF,8ZkGWzf3OwKlybzGW7,https://media.giphy.com/media/8ZkGWzf3OwKlybzGW7/giphy.gif
https://giphy.com/gifs/8ZkGWzf3OwKlybzGW7,참잘했어요,0.00,GIF,8ZkGWzf3OwKlybzGW7,https://media.giphy.com/media/8ZkGWzf3OwKlybzGW7/giphy.gif
https://giphy.com/gifs/tUCnksUX5YcAvMGII0,hbday,3.28,GIF,tUCnksUX5YcAvMGII0,https://media.giphy.com/media/tUCnksUX5YcAvMGII0/giphy.gif
https://giphy.com/gifs/tUCnksUX5YcAvMGII0,happy birth day,0.74,GIF,tUCnksUX5YcAvMGII0,https://media.giphy.com/media/tUCnksUX5YcAvMGII0/giphy.gif
https://giphy.com/gifs/tUCnksUX5YcAvMGII0,리액션,0.29,GIF,tUCnksUX5YcAvMGII0,https://media.giphy.com/media/tUCnksUX5YcAvMGII0/giphy.gif
https://giphy.com/gifs/tUCnksUX5YcAvMGII0,생일축하해,0.00,GIF,tUCnksUX5YcAvMGII0,https://media.giphy.com/media/tUCnksUX5YcAvMGII0/giphy.gif
https://giphy.com/gifs/MU56aJwr66pdOOExm1,hbday,1.96,GIF,MU56aJwr66pdOOExm1,https://media.giphy.com/media/MU56aJwr66pdOOExm1/giphy.gif
https://giphy.com/gifs/MU56aJwr66pdOOExm1,happy birth day,0.42,GIF,MU56aJwr66pdOOExm1,https://media.giphy.com/media/MU56aJwr66pdOOExm1/giphy.gif
https://giphy.com/gifs/MU56aJwr66pdOOExm1,리액션,0.33,GIF,MU56aJwr66pdOOExm1,https://media.giphy.com/media/MU56aJwr66pdOOExm1/giphy.gif
https://giphy.com/gifs/ZR91yX6B8mtN0l6zEl,퇴사,31.82,GIF,ZR91yX6B8mtN0l6zEl,https://media.giphy.com/media/ZR91yX6B8mtN0l6zEl/giphy.gif
https://giphy.com/gifs/ZR91yX6B8mtN0l6zEl,eq4all,3.31,GIF,ZR91yX6B8mtN0l6zEl,https://media.giphy.com/media/ZR91yX6B8mtN0l6zEl/giphy.gif
https://giphy.com/gifs/ZR91yX6B8mtN0l6zEl,수어,1.72,GIF,ZR91yX6B8mtN0l6zEl,https://media.giphy.com/media/ZR91yX6B8mtN0l6zEl/giphy.gif
https://giphy.com/gifs/ZR91yX6B8mtN0l6zEl,asl,0.42,GIF,ZR91yX6B8mtN0l6zEl,https://media.giphy.com/media/ZR91yX6B8mtN0l6zEl/giphy.gif
https://giphy.com/gifs/ZR91yX6B8mtN0l6zEl,resign,0.39,GIF,ZR91yX6B8mtN0l6zEl,https://media.giphy.com/media/ZR91yX6B8mtN0l6zEl/giphy.gif
https://giphy.com/gifs/ZR91yX6B8mtN0l6zEl,quit,0.00,GIF,ZR91yX6B8mtN0l6zEl,https://media.giphy.com/media/ZR91yX6B8mtN0l6zEl/giphy.gif
https://giphy.com/gifs/ZR91yX6B8mtN0l6zEl,ksl,0.00,GIF,ZR91yX6B8mtN0l6zEl,https://media.giphy.com/media/ZR91yX6B8mtN0l6zEl/giphy.gif
https://giphy.com/gifs/ZR91yX6B8mtN0l6zEl,deaf,0.00,GIF,ZR91yX6B8mtN0l6zEl,https://media.giphy.com/media/ZR91yX6B8mtN0l6zEl/giphy.gif
https://giphy.com/gifs/ZR91yX6B8mtN0l6zEl,이큐포올,0.00,GIF,ZR91yX6B8mtN0l6zEl,https://media.giphy.com/media/ZR91yX6B8mtN0l6zEl/giphy.gif
https://giphy.com/gifs/BEAPmRk3EiGFRumoHb,몸살,5.00,GIF,BEAPmRk3EiGFRumoHb,https://media.giphy.com/media/BEAPmRk3EiGFRumoHb/giphy.gif
https://giphy.com/gifs/BEAPmRk3EiGFRumoHb,수어,1.21,GIF,BEAPmRk3EiGFRumoHb,https://media.giphy.com/media/BEAPmRk3EiGFRumoHb/giphy.gif
https://giphy.com/gifs/BEAPmRk3EiGFRumoHb,throat,0.55,GIF,BEAPmRk3EiGFRumoHb,https://media.giphy.com/media/BEAPmRk3EiGFRumoHb/giphy.gif
https://giphy.com/gifs/BEAPmRk3EiGFRumoHb,수어티콘,0.00,GIF,BEAPmRk3EiGFRumoHb,https://media.giphy.com/media/BEAPmRk3EiGFRumoHb/giphy.gif
https://giphy.com/gifs/BEAPmRk3EiGFRumoHb,춥다,0.00,GIF,BEAPmRk3EiGFRumoHb,https://media.giphy.com/media/BEAPmRk3EiGFRumoHb/giphy.gif
https://giphy.com/gifs/BEAPmRk3EiGFRumoHb,eq4all,0.00,GIF,BEAPmRk3EiGFRumoHb,https://media.giphy.com/media/BEAPmRk3EiGFRumoHb/giphy.gif
https://giphy.com/stickers/oDOrsF4Aqi8JDBvXvU,deaf,3.03,STICKER,oDOrsF4Aqi8JDBvXvU,https://media.giphy.com/media/oDOrsF4Aqi8JDBvXvU/giphy.gif
https://giphy.com/stickers/oDOrsF4Aqi8JDBvXvU,wondering,0.36,STICKER,oDOrsF4Aqi8JDBvXvU,https://media.giphy.com/media/oDOrsF4Aqi8JDBvXvU/giphy.gif
https://giphy.com/stickers/oDOrsF4Aqi8JDBvXvU,wonder,0.13,STICKER,oDOrsF4Aqi8JDBvXvU,https://media.giphy.com/media/oDOrsF4Aqi8JDBvXvU/giphy.gif
https://giphy.com/stickers/oDOrsF4Aqi8JDBvXvU,curious,0.00,STICKER,oDOrsF4Aqi8JDBvXvU,https://media.giphy.com/media/oDOrsF4Aqi8JDBvXvU/giphy.gif
https://giphy.com/gifs/pfr4fvO7ZlGGY7Jw9b,congrats graduate,1.02,GIF,pfr4fvO7ZlGGY7Jw9b,https://media.giphy.com/media/pfr4fvO7ZlGGY7Jw9b/giphy.gif
https://giphy.com/gifs/pfr4fvO7ZlGGY7Jw9b,리액션,0.24,GIF,pfr4fvO7ZlGGY7Jw9b,https://media.giphy.com/media/pfr4fvO7ZlGGY7Jw9b/giphy.gif
https://giphy.com/gifs/0zF843qnZ4dp8uASKM,이큐포올,4.65,GIF,0zF843qnZ4dp8uASKM,https://media.giphy.com/media/0zF843qnZ4dp8uASKM/giphy.gif
https://giphy.com/gifs/0zF843qnZ4dp8uASKM,수어,1.89,GIF,0zF843qnZ4dp8uASKM,https://media.giphy.com/media/0zF843qnZ4dp8uASKM/giphy.gif
https://giphy.com/gifs/0zF843qnZ4dp8uASKM,더워,1.00,GIF,0zF843qnZ4dp8uASKM,https://media.giphy.com/media/0zF843qnZ4dp8uASKM/giphy.gif
https://giphy.com/gifs/0zF843qnZ4dp8uASKM,eq4all,0.93,GIF,0zF843qnZ4dp8uASKM,https://media.giphy.com/media/0zF843qnZ4dp8uASKM/giphy.gif
https://giphy.com/gifs/0zF843qnZ4dp8uASKM,더위,0.85,GIF,0zF843qnZ4dp8uASKM,https://media.giphy.com/media/0zF843qnZ4dp8uASKM/giphy.gif
https://giphy.com/gifs/0zF843qnZ4dp8uASKM,덥다,0.57,GIF,0zF843qnZ4dp8uASKM,https://media.giphy.com/media/0zF843qnZ4dp8uASKM/giphy.gif
https://giphy.com/gifs/0zF843qnZ4dp8uASKM,ksl,0.33,GIF,0zF843qnZ4dp8uASKM,https://media.giphy.com/media/0zF843qnZ4dp8uASKM/giphy.gif
https://giphy.com/gifs/0zF843qnZ4dp8uASKM,scorching,0.00,GIF,0zF843qnZ4dp8uASKM,https://media.giphy.com/media/0zF843qnZ4dp8uASKM/giphy.gif
https://giphy.com/gifs/0zF843qnZ4dp8uASKM,무더위,0.00,GIF,0zF843qnZ4dp8uASKM,https://media.giphy.com/media/0zF843qnZ4dp8uASKM/giphy.gif
https://giphy.com/gifs/nZn3H6Vt5IiEIkSiv4,congrats graduate,0.50,GIF,nZn3H6Vt5IiEIkSiv4,https://media.giphy.com/media/nZn3H6Vt5IiEIkSiv4/giphy.gif
https://giphy.com/gifs/nZn3H6Vt5IiEIkSiv4,리액션,0.23,GIF,nZn3H6Vt5IiEIkSiv4,https://media.giphy.com/media/nZn3H6Vt5IiEIkSiv4/giphy.gif
https://giphy.com/gifs/AbtXKrzXdSpfjrKiiu,리액션,0.30,GIF,AbtXKrzXdSpfjrKiiu,https://media.giphy.com/media/AbtXKrzXdSpfjrKiiu/giphy.gif
https://giphy.com/gifs/lJYImdfGJDyyywfolG,리액션,0.25,GIF,lJYImdfGJDyyywfolG,https://media.giphy.com/media/lJYImdfGJDyyywfolG/giphy.gif
https://giphy.com/gifs/lJYImdfGJDyyywfolG,expecting,0.00,GIF,lJYImdfGJDyyywfolG,https://media.giphy.com/media/lJYImdfGJDyyywfolG/giphy.gif
https://giphy.com/gifs/SfuhAGbrCKYFgjzTky,리액션,0.10,GIF,SfuhAGbrCKYFgjzTky,https://media.giphy.com/media/SfuhAGbrCKYFgjzTky/giphy.gif
https://giphy.com/stickers/yS30xTXdkmbXEY8KpJ,수어,0.00,STICKER,yS30xTXdkmbXEY8KpJ,https://media.giphy.com/media/yS30xTXdkmbXEY8KpJ/giphy.gif
https://giphy.com/stickers/qawPfuXP7VaHWLdebL,stone,0.00,STICKER,qawPfuXP7VaHWLdebL,https://media.giphy.com/media/qawPfuXP7VaHWLdebL/giphy.gif
https://giphy.com/gifs/At2hxxmlasBgNGkOuE,어린이날,3.14,GIF,At2hxxmlasBgNGkOuE,https://media.giphy.com/media/At2hxxmlasBgNGkOuE/giphy.gif
https://giphy.com/gifs/At2hxxmlasBgNGkOuE,잼민이,2.99,GIF,At2hxxmlasBgNGkOuE,https://media.giphy.com/media/At2hxxmlasBgNGkOuE/giphy.gif
https://giphy.com/gifs/At2hxxmlasBgNGkOuE,eq4all,1.47,GIF,At2hxxmlasBgNGkOuE,https://media.giphy.com/media/At2hxxmlasBgNGkOuE/giphy.gif
https://giphy.com/gifs/At2hxxmlasBgNGkOuE,childrens day,1.14,GIF,At2hxxmlasBgNGkOuE,https://media.giphy.com/media/At2hxxmlasBgNGkOuE/giphy.gif
https://giphy.com/gifs/At2hxxmlasBgNGkOuE,junior,0.00,GIF,At2hxxmlasBgNGkOuE,https://media.giphy.com/media/At2hxxmlasBgNGkOuE/giphy.gif
https://giphy.com/gifs/At2hxxmlasBgNGkOuE,ksl,0.00,GIF,At2hxxmlasBgNGkOuE,https://media.giphy.com/media/At2hxxmlasBgNGkOuE/giphy.gif
https://giphy.com/gifs/At2hxxmlasBgNGkOuE,수어,0.00,GIF,At2hxxmlasBgNGkOuE,https://media.giphy.com/media/At2hxxmlasBgNGkOuE/giphy.gif
https://giphy.com/gifs/6WD8I4CCgcPSWeHoG0,eq4all,3.61,GIF,6WD8I4CCgcPSWeHoG0,https://media.giphy.com/media/6WD8I4CCgcPSWeHoG0/giphy.gif
https://giphy.com/gifs/KXoU8PYaq0nRuGF9WP,리액션,0.21,GIF,KXoU8PYaq0nRuGF9WP,https://media.giphy.com/media/KXoU8PYaq0nRuGF9WP/giphy.gif
https://giphy.com/gifs/KXoU8PYaq0nRuGF9WP,employ,0.00,GIF,KXoU8PYaq0nRuGF9WP,https://media.giphy.com/media/KXoU8PYaq0nRuGF9WP/giphy.gif
https://giphy.com/gifs/y7HUArU6k0hVWHHgzF,어디야,3.85,GIF,y7HUArU6k0hVWHHgzF,https://media.giphy.com/media/y7HUArU6k0hVWHHgzF/giphy.gif
https://giphy.com/gifs/y7HUArU6k0hVWHHgzF,eq4all,2.90,GIF,y7HUArU6k0hVWHHgzF,https://media.giphy.com/media/y7HUArU6k0hVWHHgzF/giphy.gif
https://giphy.com/gifs/y7HUArU6k0hVWHHgzF,place,1.53,GIF,y7HUArU6k0hVWHHgzF,https://media.giphy.com/media/y7HUArU6k0hVWHHgzF/giphy.gif
https://giphy.com/gifs/y7HUArU6k0hVWHHgzF,수어,0.00,GIF,y7HUArU6k0hVWHHgzF,https://media.giphy.com/media/y7HUArU6k0hVWHHgzF/giphy.gif
https://giphy.com/gifs/TYczLLvX65AEf9pWgL,eq4all,2.86,GIF,TYczLLvX65AEf9pWgL,https://media.giphy.com/media/TYczLLvX65AEf9pWgL/giphy.gif
https://giphy.com/gifs/TYczLLvX65AEf9pWgL,facetime,2.86,GIF,TYczLLvX65AEf9pWgL,https://media.giphy.com/media/TYczLLvX65AEf9pWgL/giphy.gif
https://giphy.com/gifs/TYczLLvX65AEf9pWgL,video call,0.69,GIF,TYczLLvX65AEf9pWgL,https://media.giphy.com/media/TYczLLvX65AEf9pWgL/giphy.gif
https://giphy.com/gifs/TYczLLvX65AEf9pWgL,imo,0.36,GIF,TYczLLvX65AEf9pWgL,https://media.giphy.com/media/TYczLLvX65AEf9pWgL/giphy.gif
https://giphy.com/gifs/TYczLLvX65AEf9pWgL,kakao,0.00,GIF,TYczLLvX65AEf9pWgL,https://media.giphy.com/media/TYczLLvX65AEf9pWgL/giphy.gif
https://giphy.com/gifs/TYczLLvX65AEf9pWgL,수어,0.00,GIF,TYczLLvX65AEf9pWgL,https://media.giphy.com/media/TYczLLvX65AEf9pWgL/giphy.gif
https://giphy.com/gifs/22yEfLc5ciFAJIpkL3,수어,1.45,GIF,22yEfLc5ciFAJIpkL3,https://media.giphy.com/media/22yEfLc5ciFAJIpkL3/giphy.gif
https://giphy.com/gifs/22yEfLc5ciFAJIpkL3,eq4all,1.41,GIF,22yEfLc5ciFAJIpkL3,https://media.giphy.com/media/22yEfLc5ciFAJIpkL3/giphy.gif
https://giphy.com/gifs/22yEfLc5ciFAJIpkL3,ksl,0.00,GIF,22yEfLc5ciFAJIpkL3,https://media.giphy.com/media/22yEfLc5ciFAJIpkL3/giphy.gif
https://giphy.com/gifs/weL0qXnptDK8zRg1J8,eq4all,4.32,GIF,weL0qXnptDK8zRg1J8,https://media.giphy.com/media/weL0qXnptDK8zRg1J8/giphy.gif
https://giphy.com/gifs/weL0qXnptDK8zRg1J8,pour,0.28,GIF,weL0qXnptDK8zRg1J8,https://media.giphy.com/media/weL0qXnptDK8zRg1J8/giphy.gif
https://giphy.com/gifs/weL0qXnptDK8zRg1J8,raincoat,0.00,GIF,weL0qXnptDK8zRg1J8,https://media.giphy.com/media/weL0qXnptDK8zRg1J8/giphy.gif
https://giphy.com/gifs/weL0qXnptDK8zRg1J8,수어,0.00,GIF,weL0qXnptDK8zRg1J8,https://media.giphy.com/media/weL0qXnptDK8zRg1J8/giphy.gif
https://giphy.com/gifs/VV66Q8wx0r4iFlq5Ux,리액션,0.21,GIF,VV66Q8wx0r4iFlq5Ux,https://media.giphy.com/media/VV66Q8wx0r4iFlq5Ux/giphy.gif
https://giphy.com/gifs/xgLY7fZQRdwBSH7Pq9,수어,3.90,GIF,xgLY7fZQRdwBSH7Pq9,https://media.giphy.com/media/xgLY7fZQRdwBSH7Pq9/giphy.gif
https://giphy.com/gifs/xgLY7fZQRdwBSH7Pq9,뭐해,3.18,GIF,xgLY7fZQRdwBSH7Pq9,https://media.giphy.com/media/xgLY7fZQRdwBSH7Pq9/giphy.gif
https://giphy.com/gifs/xgLY7fZQRdwBSH7Pq9,수어티콘,1.33,GIF,xgLY7fZQRdwBSH7Pq9,https://media.giphy.com/media/xgLY7fZQRdwBSH7Pq9/giphy.gif
https://giphy.com/gifs/xgLY7fZQRdwBSH7Pq9,모해,0.00,GIF,xgLY7fZQRdwBSH7Pq9,https://media.giphy.com/media/xgLY7fZQRdwBSH7Pq9/giphy.gif
https://giphy.com/gifs/B0IIE7MEHUXKFr6RUl,eq4all,2.38,GIF,B0IIE7MEHUXKFr6RUl,https://media.giphy.com/media/B0IIE7MEHUXKFr6RUl/giphy.gif
https://giphy.com/gifs/B0IIE7MEHUXKFr6RUl,fanfare,0.58,GIF,B0IIE7MEHUXKFr6RUl,https://media.giphy.com/media/B0IIE7MEHUXKFr6RUl/giphy.gif
https://giphy.com/gifs/B0IIE7MEHUXKFr6RUl,리액션,0.33,GIF,B0IIE7MEHUXKFr6RUl,https://media.giphy.com/media/B0IIE7MEHUXKFr6RUl/giphy.gif
https://giphy.com/gifs/6FTzPPR5gnjk4TMze4,eq4all,6.42,GIF,6FTzPPR5gnjk4TMze4,https://media.giphy.com/media/6FTzPPR5gnjk4TMze4/giphy.gif
https://giphy.com/gifs/6FTzPPR5gnjk4TMze4,dark circle,1.89,GIF,6FTzPPR5gnjk4TMze4,https://media.giphy.com/media/6FTzPPR5gnjk4TMze4/giphy.gif
https://giphy.com/gifs/Fd7hkwf1x3vPaYqyvk,리액션,0.47,GIF,Fd7hkwf1x3vPaYqyvk,https://media.giphy.com/media/Fd7hkwf1x3vPaYqyvk/giphy.gif
https://giphy.com/gifs/L5CX0vHPBfaZnaCBK1,how have you been,2.38,GIF,L5CX0vHPBfaZnaCBK1,https://media.giphy.com/media/L5CX0vHPBfaZnaCBK1/giphy.gif
https://giphy.com/gifs/L5CX0vHPBfaZnaCBK1,eq4all,0.00,GIF,L5CX0vHPBfaZnaCBK1,https://media.giphy.com/media/L5CX0vHPBfaZnaCBK1/giphy.gif
https://giphy.com/gifs/L5CX0vHPBfaZnaCBK1,수어,0.00,GIF,L5CX0vHPBfaZnaCBK1,https://media.giphy.com/media/L5CX0vHPBfaZnaCBK1/giphy.gif
https://giphy.com/gifs/gLfzzp3GIOMepxFofz,eq4all,2.27,GIF,gLfzzp3GIOMepxFofz,https://media.giphy.com/media/gLfzzp3GIOMepxFofz/giphy.gif
https://giphy.com/gifs/gLfzzp3GIOMepxFofz,fanfare,1.14,GIF,gLfzzp3GIOMepxFofz,https://media.giphy.com/media/gLfzzp3GIOMepxFofz/giphy.gif
https://giphy.com/gifs/gLfzzp3GIOMepxFofz,리액션,0.53,GIF,gLfzzp3GIOMepxFofz,https://media.giphy.com/media/gLfzzp3GIOMepxFofz/giphy.gif
https://giphy.com/gifs/fxNDe66gyPWwzxDe3k,eq4all,2.41,GIF,fxNDe66gyPWwzxDe3k,https://media.giphy.com/media/fxNDe66gyPWwzxDe3k/giphy.gif
https://giphy.com/gifs/fxNDe66gyPWwzxDe3k,video call,2.05,GIF,fxNDe66gyPWwzxDe3k,https://media.giphy.com/media/fxNDe66gyPWwzxDe3k/giphy.gif
https://giphy.com/gifs/fxNDe66gyPWwzxDe3k,imo,0.74,GIF,fxNDe66gyPWwzxDe3k,https://media.giphy.com/media/fxNDe66gyPWwzxDe3k/giphy.gif
https://giphy.com/gifs/fxNDe66gyPWwzxDe3k,kakao,0.58,GIF,fxNDe66gyPWwzxDe3k,https://media.giphy.com/media/fxNDe66gyPWwzxDe3k/giphy.gif
https://giphy.com/gifs/fxNDe66gyPWwzxDe3k,call,0.00,GIF,fxNDe66gyPWwzxDe3k,https://media.giphy.com/media/fxNDe66gyPWwzxDe3k/giphy.gif
https://giphy.com/gifs/SwQROkyJiQ1CpTjD28,eq4all,1.75,GIF,SwQROkyJiQ1CpTjD28,https://media.giphy.com/media/SwQROkyJiQ1CpTjD28/giphy.gif
https://giphy.com/gifs/SwQROkyJiQ1CpTjD28,수어,0.00,GIF,SwQROkyJiQ1CpTjD28,https://media.giphy.com/media/SwQROkyJiQ1CpTjD28/giphy.gif
https://giphy.com/gifs/tn2ckW9ikvz2dCgFo4,eq4all,0.00,GIF,tn2ckW9ikvz2dCgFo4,https://media.giphy.com/media/tn2ckW9ikvz2dCgFo4/giphy.gif
https://giphy.com/gifs/1My0RfDFxuK75LbqPZ,eq4all,4.58,GIF,1My0RfDFxuK75LbqPZ,https://media.giphy.com/media/1My0RfDFxuK75LbqPZ/giphy.gif
https://giphy.com/gifs/1My0RfDFxuK75LbqPZ,resignation,0.74,GIF,1My0RfDFxuK75LbqPZ,https://media.giphy.com/media/1My0RfDFxuK75LbqPZ/giphy.gif
https://giphy.com/gifs/1My0RfDFxuK75LbqPZ,수어,0.00,GIF,1My0RfDFxuK75LbqPZ,https://media.giphy.com/media/1My0RfDFxuK75LbqPZ/giphy.gif
https://giphy.com/gifs/KLWxJBaJ5W9kr9iGTV,eq4all,1.37,GIF,KLWxJBaJ5W9kr9iGTV,https://media.giphy.com/media/KLWxJBaJ5W9kr9iGTV/giphy.gif
https://giphy.com/gifs/DdB9ye2Df61aCRCcd9,eq4all,2.41,GIF,DdB9ye2Df61aCRCcd9,https://media.giphy.com/media/DdB9ye2Df61aCRCcd9/giphy.gif
https://giphy.com/gifs/JTqsUUt4p6K05bKtzs,eq4all,2.41,GIF,JTqsUUt4p6K05bKtzs,https://media.giphy.com/media/JTqsUUt4p6K05bKtzs/giphy.gif
https://giphy.com/gifs/JTqsUUt4p6K05bKtzs,수어,0.00,GIF,JTqsUUt4p6K05bKtzs,https://media.giphy.com/media/JTqsUUt4p6K05bKtzs/giphy.gif
https://giphy.com/gifs/WrJFMvygFbyt53ZJ4o,eq4all,4.17,GIF,WrJFMvygFbyt53ZJ4o,https://media.giphy.com/media/WrJFMvygFbyt53ZJ4o/giphy.gif
https://giphy.com/gifs/WrJFMvygFbyt53ZJ4o,수어,0.00,GIF,WrJFMvygFbyt53ZJ4o,https://media.giphy.com/media/WrJFMvygFbyt53ZJ4o/giphy.gif
https://giphy.com/gifs/c7VrRge0nMlsiQJbrn,수어티콘,2.74,GIF,c7VrRge0nMlsiQJbrn,https://media.giphy.com/media/c7VrRge0nMlsiQJbrn/giphy.gif
https://giphy.com/gifs/c7VrRge0nMlsiQJbrn,수어,1.72,GIF,c7VrRge0nMlsiQJbrn,https://media.giphy.com/media/c7VrRge0nMlsiQJbrn/giphy.gif
https://giphy.com/gifs/c7VrRge0nMlsiQJbrn,i see,0.82,GIF,c7VrRge0nMlsiQJbrn,https://media.giphy.com/media/c7VrRge0nMlsiQJbrn/giphy.gif
https://giphy.com/gifs/N7t76SnBEfcVslNwu6,eq4all,2.44,GIF,N7t76SnBEfcVslNwu6,https://media.giphy.com/media/N7t76SnBEfcVslNwu6/giphy.gif
https://giphy.com/gifs/sTgMhpW7hVbdncA4FP,勉強,9.09,GIF,sTgMhpW7hVbdncA4FP,https://media.giphy.com/media/sTgMhpW7hVbdncA4FP/giphy.gif
https://giphy.com/gifs/sTgMhpW7hVbdncA4FP,eq4all,2.41,GIF,sTgMhpW7hVbdncA4FP,https://media.giphy.com/media/sTgMhpW7hVbdncA4FP/giphy.gif
https://giphy.com/gifs/jSOwiaXWbjwO2jit61,eq4all,4.35,GIF,jSOwiaXWbjwO2jit61,https://media.giphy.com/media/jSOwiaXWbjwO2jit61/giphy.gif
https://giphy.com/gifs/bHyad23l78rmZ7Ci16,eq4all,1.85,GIF,bHyad23l78rmZ7Ci16,https://media.giphy.com/media/bHyad23l78rmZ7Ci16/giphy.gif
https://giphy.com/gifs/bHyad23l78rmZ7Ci16,리액션,0.80,GIF,bHyad23l78rmZ7Ci16,https://media.giphy.com/media/bHyad23l78rmZ7Ci16/giphy.gif
https://giphy.com/gifs/bHyad23l78rmZ7Ci16,stopit,0.00,GIF,bHyad23l78rmZ7Ci16,https://media.giphy.com/media/bHyad23l78rmZ7Ci16/giphy.gif
https://giphy.com/gifs/g5E83MZD8Zp5una4Xs,eq4all,1.30,GIF,g5E83MZD8Zp5una4Xs,https://media.giphy.com/media/g5E83MZD8Zp5una4Xs/giphy.gif
https://giphy.com/gifs/eSqH5wmgghsRg12YIA,eq4all,1.96,GIF,eSqH5wmgghsRg12YIA,https://media.giphy.com/media/eSqH5wmgghsRg12YIA/giphy.gif
https://giphy.com/gifs/oO1lfAJW5LK10SBgLX,parents day,5.15,GIF,oO1lfAJW5LK10SBgLX,https://media.giphy.com/media/oO1lfAJW5LK10SBgLX/giphy.gif
https://giphy.com/gifs/Y6yllc5VWuVWb4CHBd,존경합니다,7.41,GIF,Y6yllc5VWuVWb4CHBd,https://media.giphy.com/media/Y6yllc5VWuVWb4CHBd/giphy.gif
https://giphy.com/gifs/Y6yllc5VWuVWb4CHBd,eq4all,0.00,GIF,Y6yllc5VWuVWb4CHBd,https://media.giphy.com/media/Y6yllc5VWuVWb4CHBd/giphy.gif
https://giphy.com/gifs/HAqjQO26O0rxGLe1JU,buzzed,3.12,GIF,HAqjQO26O0rxGLe1JU,https://media.giphy.com/media/HAqjQO26O0rxGLe1JU/giphy.gif
https://giphy.com/gifs/HAqjQO26O0rxGLe1JU,eq4all,1.72,GIF,HAqjQO26O0rxGLe1JU,https://media.giphy.com/media/HAqjQO26O0rxGLe1JU/giphy.gif
https://giphy.com/gifs/HAqjQO26O0rxGLe1JU,tipsy,0.00,GIF,HAqjQO26O0rxGLe1JU,https://media.giphy.com/media/HAqjQO26O0rxGLe1JU/giphy.gif
https://giphy.com/gifs/pKA5egI6RbnyNo5Eby,eq4all,3.45,GIF,pKA5egI6RbnyNo5Eby,https://media.giphy.com/media/pKA5egI6RbnyNo5Eby/giphy.gif
https://giphy.com/stickers/PGWq3MsvcKXriSAiyF,deaf,2.91,STICKER,PGWq3MsvcKXriSAiyF,https://media.giphy.com/media/PGWq3MsvcKXriSAiyF/giphy.gif
https://giphy.com/stickers/PGWq3MsvcKXriSAiyF,finger heart,0.53,STICKER,PGWq3MsvcKXriSAiyF,https://media.giphy.com/media/PGWq3MsvcKXriSAiyF/giphy.gif
https://giphy.com/stickers/PGWq3MsvcKXriSAiyF,korean heart,0.00,STICKER,PGWq3MsvcKXriSAiyF,https://media.giphy.com/media/PGWq3MsvcKXriSAiyF/giphy.gif
https://giphy.com/stickers/PGWq3MsvcKXriSAiyF,sign language,0.00,STICKER,PGWq3MsvcKXriSAiyF,https://media.giphy.com/media/PGWq3MsvcKXriSAiyF/giphy.gif
https://giphy.com/gifs/NXnLgtGei2jX1PeJQw,spank,2.04,GIF,NXnLgtGei2jX1PeJQw,https://media.giphy.com/media/NXnLgtGei2jX1PeJQw/giphy.gif
https://giphy.com/gifs/NXnLgtGei2jX1PeJQw,수어,1.75,GIF,NXnLgtGei2jX1PeJQw,https://media.giphy.com/media/NXnLgtGei2jX1PeJQw/giphy.gif
https://giphy.com/gifs/NXnLgtGei2jX1PeJQw,punish,1.44,GIF,NXnLgtGei2jX1PeJQw,https://media.giphy.com/media/NXnLgtGei2jX1PeJQw/giphy.gif
https://giphy.com/gifs/NXnLgtGei2jX1PeJQw,ksl,0.00,GIF,NXnLgtGei2jX1PeJQw,https://media.giphy.com/media/NXnLgtGei2jX1PeJQw/giphy.gif
https://giphy.com/gifs/NXnLgtGei2jX1PeJQw,time out,0.00,GIF,NXnLgtGei2jX1PeJQw,https://media.giphy.com/media/NXnLgtGei2jX1PeJQw/giphy.gif
https://giphy.com/stickers/HJ4RgJdbMY74kVb99w,spank,0.00,STICKER,HJ4RgJdbMY74kVb99w,https://media.giphy.com/media/HJ4RgJdbMY74kVb99w/giphy.gif
https://giphy.com/gifs/uRwvc8Roa9bLCsFYzq,korean heart,3.27,GIF,uRwvc8Roa9bLCsFYzq,https://media.giphy.com/media/uRwvc8Roa9bLCsFYzq/giphy.gif
https://giphy.com/gifs/uRwvc8Roa9bLCsFYzq,수어,2.45,GIF,uRwvc8Roa9bLCsFYzq,https://media.giphy.com/media/uRwvc8Roa9bLCsFYzq/giphy.gif
https://giphy.com/gifs/uRwvc8Roa9bLCsFYzq,수어티콘,2.25,GIF,uRwvc8Roa9bLCsFYzq,https://media.giphy.com/media/uRwvc8Roa9bLCsFYzq/giphy.gif
https://giphy.com/gifs/uRwvc8Roa9bLCsFYzq,리액션,1.95,GIF,uRwvc8Roa9bLCsFYzq,https://media.giphy.com/media/uRwvc8Roa9bLCsFYzq/giphy.gif
https://giphy.com/gifs/uRwvc8Roa9bLCsFYzq,finger heart,0.32,GIF,uRwvc8Roa9bLCsFYzq,https://media.giphy.com/media/uRwvc8Roa9bLCsFYzq/giphy.gif
https://giphy.com/gifs/uRwvc8Roa9bLCsFYzq,손하트,0.00,GIF,uRwvc8Roa9bLCsFYzq,https://media.giphy.com/media/uRwvc8Roa9bLCsFYzq/giphy.gif
https://giphy.com/gifs/uRwvc8Roa9bLCsFYzq,eq4all,0.00,GIF,uRwvc8Roa9bLCsFYzq,https://media.giphy.com/media/uRwvc8Roa9bLCsFYzq/giphy.gif
https://giphy.com/gifs/uRwvc8Roa9bLCsFYzq,deaf,0.00,GIF,uRwvc8Roa9bLCsFYzq,https://media.giphy.com/media/uRwvc8Roa9bLCsFYzq/giphy.gif
https://giphy.com/gifs/uRwvc8Roa9bLCsFYzq,ksl,0.00,GIF,uRwvc8Roa9bLCsFYzq,https://media.giphy.com/media/uRwvc8Roa9bLCsFYzq/giphy.gif
https://giphy.com/gifs/uRwvc8Roa9bLCsFYzq,이큐포올,0.00,GIF,uRwvc8Roa9bLCsFYzq,https://media.giphy.com/media/uRwvc8Roa9bLCsFYzq/giphy.gif
https://giphy.com/gifs/JtN8nsvaVW356r07ox,수어,3.48,GIF,JtN8nsvaVW356r07ox,https://media.giphy.com/media/JtN8nsvaVW356r07ox/giphy.gif
https://giphy.com/gifs/JtN8nsvaVW356r07ox,congratulation,0.50,GIF,JtN8nsvaVW356r07ox,https://media.giphy.com/media/JtN8nsvaVW356r07ox/giphy.gif
https://giphy.com/gifs/JtN8nsvaVW356r07ox,congratulate,0.37,GIF,JtN8nsvaVW356r07ox,https://media.giphy.com/media/JtN8nsvaVW356r07ox/giphy.gif
https://giphy.com/gifs/JtN8nsvaVW356r07ox,리액션,0.27,GIF,JtN8nsvaVW356r07ox,https://media.giphy.com/media/JtN8nsvaVW356r07ox/giphy.gif
https://giphy.com/gifs/JtN8nsvaVW356r07ox,eq4all,0.00,GIF,JtN8nsvaVW356r07ox,https://media.giphy.com/media/JtN8nsvaVW356r07ox/giphy.gif
https://giphy.com/stickers/KjWh29hHzADyUDbSwl,sign language,0.00,STICKER,KjWh29hHzADyUDbSwl,https://media.giphy.com/media/KjWh29hHzADyUDbSwl/giphy.gif
https://giphy.com/stickers/KjWh29hHzADyUDbSwl,deaf,0.00,STICKER,KjWh29hHzADyUDbSwl,https://media.giphy.com/media/KjWh29hHzADyUDbSwl/giphy.gif
https://giphy.com/stickers/yqA4yr37Kl9nde0bu0,difficult,0.00,STICKER,yqA4yr37Kl9nde0bu0,https://media.giphy.com/media/yqA4yr37Kl9nde0bu0/giphy.gif
https://giphy.com/gifs/dTMSyqARn2U5z05YQA,im angry,2.43,GIF,dTMSyqARn2U5z05YQA,https://media.giphy.com/media/dTMSyqARn2U5z05YQA/giphy.gif
https://giphy.com/gifs/dTMSyqARn2U5z05YQA,수어,1.68,GIF,dTMSyqARn2U5z05YQA,https://media.giphy.com/media/dTMSyqARn2U5z05YQA/giphy.gif
https://giphy.com/gifs/dTMSyqARn2U5z05YQA,eq4all,1.33,GIF,dTMSyqARn2U5z05YQA,https://media.giphy.com/media/dTMSyqARn2U5z05YQA/giphy.gif
https://giphy.com/gifs/dTMSyqARn2U5z05YQA,im mad,0.66,GIF,dTMSyqARn2U5z05YQA,https://media.giphy.com/media/dTMSyqARn2U5z05YQA/giphy.gif
https://giphy.com/gifs/dTMSyqARn2U5z05YQA,수어티콘,0.33,GIF,dTMSyqARn2U5z05YQA,https://media.giphy.com/media/dTMSyqARn2U5z05YQA/giphy.gif
https://giphy.com/stickers/pLaU93R6Kk43r1KZSK,deaf,0.00,STICKER,pLaU93R6Kk43r1KZSK,https://media.giphy.com/media/pLaU93R6Kk43r1KZSK/giphy.gif
https://giphy.com/gifs/BM4xWkuKDafzmbONVD,수어,1.34,GIF,BM4xWkuKDafzmbONVD,https://media.giphy.com/media/BM4xWkuKDafzmbONVD/giphy.gif
https://giphy.com/gifs/BM4xWkuKDafzmbONVD,수어티콘,0.81,GIF,BM4xWkuKDafzmbONVD,https://media.giphy.com/media/BM4xWkuKDafzmbONVD/giphy.gif
https://giphy.com/gifs/BM4xWkuKDafzmbONVD,리액션,0.21,GIF,BM4xWkuKDafzmbONVD,https://media.giphy.com/media/BM4xWkuKDafzmbONVD/giphy.gif
https://giphy.com/gifs/ZdSUw0ijIdFI1ir6va,asia,5.06,GIF,ZdSUw0ijIdFI1ir6va,https://media.giphy.com/media/ZdSUw0ijIdFI1ir6va/giphy.gif
https://giphy.com/gifs/ZdSUw0ijIdFI1ir6va,수어,1.80,GIF,ZdSUw0ijIdFI1ir6va,https://media.giphy.com/media/ZdSUw0ijIdFI1ir6va/giphy.gif
https://giphy.com/gifs/ZdSUw0ijIdFI1ir6va,seoul,1.15,GIF,ZdSUw0ijIdFI1ir6va,https://media.giphy.com/media/ZdSUw0ijIdFI1ir6va/giphy.gif
https://giphy.com/gifs/ZdSUw0ijIdFI1ir6va,한복,1.07,GIF,ZdSUw0ijIdFI1ir6va,https://media.giphy.com/media/ZdSUw0ijIdFI1ir6va/giphy.gif
https://giphy.com/gifs/ZdSUw0ijIdFI1ir6va,수어티콘,0.79,GIF,ZdSUw0ijIdFI1ir6va,https://media.giphy.com/media/ZdSUw0ijIdFI1ir6va/giphy.gif
https://giphy.com/gifs/ZdSUw0ijIdFI1ir6va,kr,0.06,GIF,ZdSUw0ijIdFI1ir6va,https://media.giphy.com/media/ZdSUw0ijIdFI1ir6va/giphy.gif
https://giphy.com/gifs/2hT94WS12hu0fDHeNp,수어티콘,4.00,GIF,2hT94WS12hu0fDHeNp,https://media.giphy.com/media/2hT94WS12hu0fDHeNp/giphy.gif
https://giphy.com/gifs/2hT94WS12hu0fDHeNp,eq4all,1.69,GIF,2hT94WS12hu0fDHeNp,https://media.giphy.com/media/2hT94WS12hu0fDHeNp/giphy.gif
https://giphy.com/gifs/2hT94WS12hu0fDHeNp,수어,1.32,GIF,2hT94WS12hu0fDHeNp,https://media.giphy.com/media/2hT94WS12hu0fDHeNp/giphy.gif
https://giphy.com/gifs/2hT94WS12hu0fDHeNp,리액션,1.09,GIF,2hT94WS12hu0fDHeNp,https://media.giphy.com/media/2hT94WS12hu0fDHeNp/giphy.gif
https://giphy.com/gifs/2hT94WS12hu0fDHeNp,무야호,0.82,GIF,2hT94WS12hu0fDHeNp,https://media.giphy.com/media/2hT94WS12hu0fDHeNp/giphy.gif
https://giphy.com/gifs/2hT94WS12hu0fDHeNp,ksl,0.00,GIF,2hT94WS12hu0fDHeNp,https://media.giphy.com/media/2hT94WS12hu0fDHeNp/giphy.gif
https://giphy.com/stickers/UY5dBoFXJLxbwxG5xL,수어,0.00,STICKER,UY5dBoFXJLxbwxG5xL,https://media.giphy.com/media/UY5dBoFXJLxbwxG5xL/giphy.gif
https://giphy.com/gifs/w1LsCMaLgi55FPeXqp,수어,1.90,GIF,w1LsCMaLgi55FPeXqp,https://media.giphy.com/media/w1LsCMaLgi55FPeXqp/giphy.gif
https://giphy.com/gifs/w1LsCMaLgi55FPeXqp,want to go home,0.65,GIF,w1LsCMaLgi55FPeXqp,https://media.giphy.com/media/w1LsCMaLgi55FPeXqp/giphy.gif
https://giphy.com/gifs/w1LsCMaLgi55FPeXqp,sweet home,0.61,GIF,w1LsCMaLgi55FPeXqp,https://media.giphy.com/media/w1LsCMaLgi55FPeXqp/giphy.gif
https://giphy.com/gifs/w1LsCMaLgi55FPeXqp,skl,0.54,GIF,w1LsCMaLgi55FPeXqp,https://media.giphy.com/media/w1LsCMaLgi55FPeXqp/giphy.gif
https://giphy.com/gifs/w1LsCMaLgi55FPeXqp,수어티콘,0.00,GIF,w1LsCMaLgi55FPeXqp,https://media.giphy.com/media/w1LsCMaLgi55FPeXqp/giphy.gif
https://giphy.com/stickers/sQUc4XdBwY5w5ALSiq,cheer up,0.00,STICKER,sQUc4XdBwY5w5ALSiq,https://media.giphy.com/media/sQUc4XdBwY5w5ALSiq/giphy.gif
https://giphy.com/gifs/gSjklqUv4iodGkb9hT,수어티콘,2.12,GIF,gSjklqUv4iodGkb9hT,https://media.giphy.com/media/gSjklqUv4iodGkb9hT/giphy.gif
https://giphy.com/gifs/gSjklqUv4iodGkb9hT,수어,1.90,GIF,gSjklqUv4iodGkb9hT,https://media.giphy.com/media/gSjklqUv4iodGkb9hT/giphy.gif
https://giphy.com/gifs/gSjklqUv4iodGkb9hT,구독,1.15,GIF,gSjklqUv4iodGkb9hT,https://media.giphy.com/media/gSjklqUv4iodGkb9hT/giphy.gif
https://giphy.com/gifs/gSjklqUv4iodGkb9hT,subscription,0.77,GIF,gSjklqUv4iodGkb9hT,https://media.giphy.com/media/gSjklqUv4iodGkb9hT/giphy.gif
https://giphy.com/gifs/gSjklqUv4iodGkb9hT,ig,0.16,GIF,gSjklqUv4iodGkb9hT,https://media.giphy.com/media/gSjklqUv4iodGkb9hT/giphy.gif
https://giphy.com/gifs/gSjklqUv4iodGkb9hT,eq4all,0.00,GIF,gSjklqUv4iodGkb9hT,https://media.giphy.com/media/gSjklqUv4iodGkb9hT/giphy.gif
https://giphy.com/gifs/gSjklqUv4iodGkb9hT,이큐포올,0.00,GIF,gSjklqUv4iodGkb9hT,https://media.giphy.com/media/gSjklqUv4iodGkb9hT/giphy.gif
https://giphy.com/stickers/DQmbcuUT09eesFh195,sign language,0.00,STICKER,DQmbcuUT09eesFh195,https://media.giphy.com/media/DQmbcuUT09eesFh195/giphy.gif
https://giphy.com/stickers/Rv5FOgQSRjSrp4ESaN,asl,1.04,STICKER,Rv5FOgQSRjSrp4ESaN,https://media.giphy.com/media/Rv5FOgQSRjSrp4ESaN/giphy.gif
https://giphy.com/stickers/Rv5FOgQSRjSrp4ESaN,meeting,0.60,STICKER,Rv5FOgQSRjSrp4ESaN,https://media.giphy.com/media/Rv5FOgQSRjSrp4ESaN/giphy.gif
https://giphy.com/stickers/Rv5FOgQSRjSrp4ESaN,meet,0.14,STICKER,Rv5FOgQSRjSrp4ESaN,https://media.giphy.com/media/Rv5FOgQSRjSrp4ESaN/giphy.gif
https://giphy.com/stickers/Rv5FOgQSRjSrp4ESaN,deaf,0.00,STICKER,Rv5FOgQSRjSrp4ESaN,https://media.giphy.com/media/Rv5FOgQSRjSrp4ESaN/giphy.gif
https://giphy.com/stickers/UjqUXTlIokVVq0oO3g,deaf,1.37,STICKER,UjqUXTlIokVVq0oO3g,https://media.giphy.com/media/UjqUXTlIokVVq0oO3g/giphy.gif
https://giphy.com/stickers/UjqUXTlIokVVq0oO3g,asl,0.00,STICKER,UjqUXTlIokVVq0oO3g,https://media.giphy.com/media/UjqUXTlIokVVq0oO3g/giphy.gif
https://giphy.com/gifs/sZkpfOreRycklLRFrD,수어,0.93,GIF,sZkpfOreRycklLRFrD,https://media.giphy.com/media/sZkpfOreRycklLRFrD/giphy.gif
https://giphy.com/gifs/sZkpfOreRycklLRFrD,수어티콘,0.00,GIF,sZkpfOreRycklLRFrD,https://media.giphy.com/media/sZkpfOreRycklLRFrD/giphy.gif
https://giphy.com/gifs/sZkpfOreRycklLRFrD,0420,0.00,GIF,sZkpfOreRycklLRFrD,https://media.giphy.com/media/sZkpfOreRycklLRFrD/giphy.gif
https://giphy.com/gifs/88TNz2Ey9JnmY8CyV9,수어,1.96,GIF,88TNz2Ey9JnmY8CyV9,https://media.giphy.com/media/88TNz2Ey9JnmY8CyV9/giphy.gif
https://giphy.com/gifs/88TNz2Ey9JnmY8CyV9,ksl,0.38,GIF,88TNz2Ey9JnmY8CyV9,https://media.giphy.com/media/88TNz2Ey9JnmY8CyV9/giphy.gif
https://giphy.com/gifs/88TNz2Ey9JnmY8CyV9,stuffed,0.00,GIF,88TNz2Ey9JnmY8CyV9,https://media.giphy.com/media/88TNz2Ey9JnmY8CyV9/giphy.gif
https://giphy.com/gifs/88TNz2Ey9JnmY8CyV9,수어티콘,0.00,GIF,88TNz2Ey9JnmY8CyV9,https://media.giphy.com/media/88TNz2Ey9JnmY8CyV9/giphy.gif
https://giphy.com/gifs/88TNz2Ey9JnmY8CyV9,deaf,0.00,GIF,88TNz2Ey9JnmY8CyV9,https://media.giphy.com/media/88TNz2Ey9JnmY8CyV9/giphy.gif
https://giphy.com/gifs/7ABSPn584apzerwIum,eq4all,4.82,GIF,7ABSPn584apzerwIum,https://media.giphy.com/media/7ABSPn584apzerwIum/giphy.gif
https://giphy.com/gifs/7ABSPn584apzerwIum,수어,3.80,GIF,7ABSPn584apzerwIum,https://media.giphy.com/media/7ABSPn584apzerwIum/giphy.gif
https://giphy.com/gifs/7ABSPn584apzerwIum,수어티콘,1.33,GIF,7ABSPn584apzerwIum,https://media.giphy.com/media/7ABSPn584apzerwIum/giphy.gif
https://giphy.com/gifs/7ABSPn584apzerwIum,리액션,0.44,GIF,7ABSPn584apzerwIum,https://media.giphy.com/media/7ABSPn584apzerwIum/giphy.gif
https://giphy.com/stickers/GigY7bbl5gqn8aMaF0,congratulate,0.37,STICKER,GigY7bbl5gqn8aMaF0,https://media.giphy.com/media/GigY7bbl5gqn8aMaF0/giphy.gif
https://giphy.com/stickers/GigY7bbl5gqn8aMaF0,congratulation,0.21,STICKER,GigY7bbl5gqn8aMaF0,https://media.giphy.com/media/GigY7bbl5gqn8aMaF0/giphy.gif
https://giphy.com/gifs/vEELVMkD2mIgaXMeZb,수어,1.09,GIF,vEELVMkD2mIgaXMeZb,https://media.giphy.com/media/vEELVMkD2mIgaXMeZb/giphy.gif
https://giphy.com/gifs/vEELVMkD2mIgaXMeZb,수어티콘,0.81,GIF,vEELVMkD2mIgaXMeZb,https://media.giphy.com/media/vEELVMkD2mIgaXMeZb/giphy.gif
https://giphy.com/gifs/fJMOVvtTJcXJTCPPzl,수어,3.73,GIF,fJMOVvtTJcXJTCPPzl,https://media.giphy.com/media/fJMOVvtTJcXJTCPPzl/giphy.gif
https://giphy.com/gifs/fJMOVvtTJcXJTCPPzl,eq4all,3.03,GIF,fJMOVvtTJcXJTCPPzl,https://media.giphy.com/media/fJMOVvtTJcXJTCPPzl/giphy.gif
https://giphy.com/gifs/fJMOVvtTJcXJTCPPzl,수어티콘,1.79,GIF,fJMOVvtTJcXJTCPPzl,https://media.giphy.com/media/fJMOVvtTJcXJTCPPzl/giphy.gif
https://giphy.com/gifs/L6eVnJTX2S90o4uBAT,questionmark,2.26,GIF,L6eVnJTX2S90o4uBAT,https://media.giphy.com/media/L6eVnJTX2S90o4uBAT/giphy.gif
https://giphy.com/gifs/L6eVnJTX2S90o4uBAT,수어,1.42,GIF,L6eVnJTX2S90o4uBAT,https://media.giphy.com/media/L6eVnJTX2S90o4uBAT/giphy.gif
https://giphy.com/gifs/L6eVnJTX2S90o4uBAT,수어티콘,1.08,GIF,L6eVnJTX2S90o4uBAT,https://media.giphy.com/media/L6eVnJTX2S90o4uBAT/giphy.gif
https://giphy.com/gifs/L6eVnJTX2S90o4uBAT,raise,0.00,GIF,L6eVnJTX2S90o4uBAT,https://media.giphy.com/media/L6eVnJTX2S90o4uBAT/giphy.gif
https://giphy.com/gifs/eBDcUdzlhfGSnCCkMS,eq4all,10.98,GIF,eBDcUdzlhfGSnCCkMS,https://media.giphy.com/media/eBDcUdzlhfGSnCCkMS/giphy.gif
https://giphy.com/gifs/eBDcUdzlhfGSnCCkMS,수어,4.23,GIF,eBDcUdzlhfGSnCCkMS,https://media.giphy.com/media/eBDcUdzlhfGSnCCkMS/giphy.gif
https://giphy.com/gifs/eBDcUdzlhfGSnCCkMS,수어티콘,1.99,GIF,eBDcUdzlhfGSnCCkMS,https://media.giphy.com/media/eBDcUdzlhfGSnCCkMS/giphy.gif
https://giphy.com/gifs/eBDcUdzlhfGSnCCkMS,asl,1.39,GIF,eBDcUdzlhfGSnCCkMS,https://media.giphy.com/media/eBDcUdzlhfGSnCCkMS/giphy.gif
https://giphy.com/gifs/eBDcUdzlhfGSnCCkMS,deaf,0.00,GIF,eBDcUdzlhfGSnCCkMS,https://media.giphy.com/media/eBDcUdzlhfGSnCCkMS/giphy.gif
https://giphy.com/gifs/eBDcUdzlhfGSnCCkMS,반가워,0.00,GIF,eBDcUdzlhfGSnCCkMS,https://media.giphy.com/media/eBDcUdzlhfGSnCCkMS/giphy.gif
https://giphy.com/gifs/s5rAgU7fpRoJnt9Wr8,eq4all,4.65,GIF,s5rAgU7fpRoJnt9Wr8,https://media.giphy.com/media/s5rAgU7fpRoJnt9Wr8/giphy.gif
https://giphy.com/gifs/s5rAgU7fpRoJnt9Wr8,수어,0.86,GIF,s5rAgU7fpRoJnt9Wr8,https://media.giphy.com/media/s5rAgU7fpRoJnt9Wr8/giphy.gif
https://giphy.com/gifs/s5rAgU7fpRoJnt9Wr8,my treat,0.72,GIF,s5rAgU7fpRoJnt9Wr8,https://media.giphy.com/media/s5rAgU7fpRoJnt9Wr8/giphy.gif
https://giphy.com/gifs/s5rAgU7fpRoJnt9Wr8,reward,0.21,GIF,s5rAgU7fpRoJnt9Wr8,https://media.giphy.com/media/s5rAgU7fpRoJnt9Wr8/giphy.gif
https://giphy.com/gifs/s5rAgU7fpRoJnt9Wr8,수어티콘,0.00,GIF,s5rAgU7fpRoJnt9Wr8,https://media.giphy.com/media/s5rAgU7fpRoJnt9Wr8/giphy.gif
https://giphy.com/gifs/5yq3cTqJlIvze20x0D,리액션,0.82,GIF,5yq3cTqJlIvze20x0D,https://media.giphy.com/media/5yq3cTqJlIvze20x0D/giphy.gif
https://giphy.com/gifs/B9aYmo3C730moDt4bj,수어,3.57,GIF,B9aYmo3C730moDt4bj,https://media.giphy.com/media/B9aYmo3C730moDt4bj/giphy.gif
https://giphy.com/gifs/B9aYmo3C730moDt4bj,리액션,0.21,GIF,B9aYmo3C730moDt4bj,https://media.giphy.com/media/B9aYmo3C730moDt4bj/giphy.gif
https://giphy.com/gifs/B9aYmo3C730moDt4bj,flax,0.00,GIF,B9aYmo3C730moDt4bj,https://media.giphy.com/media/B9aYmo3C730moDt4bj/giphy.gif
https://giphy.com/gifs/B9aYmo3C730moDt4bj,수어티콘,0.00,GIF,B9aYmo3C730moDt4bj,https://media.giphy.com/media/B9aYmo3C730moDt4bj/giphy.gif
https://giphy.com/gifs/NMCJ1pGHhSYaiZiYBF,사죄,15.00,GIF,NMCJ1pGHhSYaiZiYBF,https://media.giphy.com/media/NMCJ1pGHhSYaiZiYBF/giphy.gif
https://giphy.com/gifs/NMCJ1pGHhSYaiZiYBF,수어,0.00,GIF,NMCJ1pGHhSYaiZiYBF,https://media.giphy.com/media/NMCJ1pGHhSYaiZiYBF/giphy.gif
https://giphy.com/gifs/Tmy4CFp7EF2FZyP6S7,수어,0.00,GIF,Tmy4CFp7EF2FZyP6S7,https://media.giphy.com/media/Tmy4CFp7EF2FZyP6S7/giphy.gif
https://giphy.com/gifs/VnKLGi7tdoZ7dbvSOq,수어,3.02,GIF,VnKLGi7tdoZ7dbvSOq,https://media.giphy.com/media/VnKLGi7tdoZ7dbvSOq/giphy.gif
https://giphy.com/gifs/VnKLGi7tdoZ7dbvSOq,eq4all,2.33,GIF,VnKLGi7tdoZ7dbvSOq,https://media.giphy.com/media/VnKLGi7tdoZ7dbvSOq/giphy.gif
https://giphy.com/gifs/VnKLGi7tdoZ7dbvSOq,수어티콘,0.72,GIF,VnKLGi7tdoZ7dbvSOq,https://media.giphy.com/media/VnKLGi7tdoZ7dbvSOq/giphy.gif
https://giphy.com/gifs/VnKLGi7tdoZ7dbvSOq,리액션,0.32,GIF,VnKLGi7tdoZ7dbvSOq,https://media.giphy.com/media/VnKLGi7tdoZ7dbvSOq/giphy.gif
https://giphy.com/gifs/VnKLGi7tdoZ7dbvSOq,suprise,0.00,GIF,VnKLGi7tdoZ7dbvSOq,https://media.giphy.com/media/VnKLGi7tdoZ7dbvSOq/giphy.gif
https://giphy.com/gifs/QQuHfyrVlci26BBAFv,리액션,0.17,GIF,QQuHfyrVlci26BBAFv,https://media.giphy.com/media/QQuHfyrVlci26BBAFv/giphy.gif
https://giphy.com/gifs/QQuHfyrVlci26BBAFv,수어,0.00,GIF,QQuHfyrVlci26BBAFv,https://media.giphy.com/media/QQuHfyrVlci26BBAFv/giphy.gif
https://giphy.com/gifs/zXYr4B6sHcPSp7SwGn,수어,3.57,GIF,zXYr4B6sHcPSp7SwGn,https://media.giphy.com/media/zXYr4B6sHcPSp7SwGn/giphy.gif
https://giphy.com/gifs/zXYr4B6sHcPSp7SwGn,수어티콘,0.00,GIF,zXYr4B6sHcPSp7SwGn,https://media.giphy.com/media/zXYr4B6sHcPSp7SwGn/giphy.gif
https://giphy.com/gifs/pVgXqJkkM7gLhqucUc,수어,4.09,GIF,pVgXqJkkM7gLhqucUc,https://media.giphy.com/media/pVgXqJkkM7gLhqucUc/giphy.gif
https://giphy.com/gifs/pVgXqJkkM7gLhqucUc,수어티콘,1.99,GIF,pVgXqJkkM7gLhqucUc,https://media.giphy.com/media/pVgXqJkkM7gLhqucUc/giphy.gif
https://giphy.com/gifs/wNJ8Z6eHpwkI16BJ2T,수어,5.41,GIF,wNJ8Z6eHpwkI16BJ2T,https://media.giphy.com/media/wNJ8Z6eHpwkI16BJ2T/giphy.gif
https://giphy.com/gifs/FpMRVujKOaFAJXMDih,댓글,60.00,GIF,FpMRVujKOaFAJXMDih,https://media.giphy.com/media/FpMRVujKOaFAJXMDih/giphy.gif
https://giphy.com/gifs/FpMRVujKOaFAJXMDih,수어,0.00,GIF,FpMRVujKOaFAJXMDih,https://media.giphy.com/media/FpMRVujKOaFAJXMDih/giphy.gif
https://giphy.com/gifs/YpyrQ22FpbEYXHIcFM,수어티콘,1.42,GIF,YpyrQ22FpbEYXHIcFM,https://media.giphy.com/media/YpyrQ22FpbEYXHIcFM/giphy.gif
https://giphy.com/gifs/YpyrQ22FpbEYXHIcFM,수어,0.44,GIF,YpyrQ22FpbEYXHIcFM,https://media.giphy.com/media/YpyrQ22FpbEYXHIcFM/giphy.gif
https://giphy.com/gifs/xGXQYTtUVJLEQxtLdE,수어,1.72,GIF,xGXQYTtUVJLEQxtLdE,https://media.giphy.com/media/xGXQYTtUVJLEQxtLdE/giphy.gif
https://giphy.com/gifs/xGXQYTtUVJLEQxtLdE,수어티콘,0.00,GIF,xGXQYTtUVJLEQxtLdE,https://media.giphy.com/media/xGXQYTtUVJLEQxtLdE/giphy.gif
https://giphy.com/stickers/UwuzRSMLI7ifLPvx5c,asl,0.00,STICKER,UwuzRSMLI7ifLPvx5c,https://media.giphy.com/media/UwuzRSMLI7ifLPvx5c/giphy.gif
https://giphy.com/stickers/UwuzRSMLI7ifLPvx5c,deaf,0.00,STICKER,UwuzRSMLI7ifLPvx5c,https://media.giphy.com/media/UwuzRSMLI7ifLPvx5c/giphy.gif
https://giphy.com/gifs/rDZu5mI9BgRdntoVef,수어,4.95,GIF,rDZu5mI9BgRdntoVef,https://media.giphy.com/media/rDZu5mI9BgRdntoVef/giphy.gif
https://giphy.com/gifs/rDZu5mI9BgRdntoVef,수어티콘,0.00,GIF,rDZu5mI9BgRdntoVef,https://media.giphy.com/media/rDZu5mI9BgRdntoVef/giphy.gif
https://giphy.com/gifs/C6WfQmMqpkUvj4137C,수어,0.00,GIF,C6WfQmMqpkUvj4137C,https://media.giphy.com/media/C6WfQmMqpkUvj4137C/giphy.gif
