content_url,view_count,content_type,content_id,media_url
https://giphy.com/gifs/Y9xDrLfhW0HilsbHl8,996088,GIF,Y9xDrLfhW0HilsbHl8,https://media.giphy.com/media/Y9xDrLfhW0HilsbHl8/giphy.gif
https://giphy.com/stickers/SiBWJ8OXJlddOegWKs,734114,STICKER,SiBWJ8OXJlddOegWKs,https://media.giphy.com/media/SiBWJ8OXJlddOegWKs/giphy.gif
https://giphy.com/stickers/GuP7myIOU6xhYAxnsm,563453,STICKER,GuP7myIOU6xhYAxnsm,https://media.giphy.com/media/GuP7myIOU6xhYAxnsm/giphy.gif
https://giphy.com/stickers/SFY5DDdiHy0keWnA3h,375483,STICKER,SFY5DDdiHy0keWnA3h,https://media.giphy.com/media/SFY5DDdiHy0keWnA3h/giphy.gif
https://giphy.com/stickers/xFMBhprFrDUhYbpj6E,356671,STICKER,xFMBhprFrDUhYbpj6E,https://media.giphy.com/media/xFMBhprFrDUhYbpj6E/giphy.gif
https://giphy.com/stickers/WNjlvxbEqaBJktlAmB,335575,STICKER,WNjlvxbEqaBJktlAmB,https://media.giphy.com/media/WNjlvxbEqaBJktlAmB/giphy.gif
https://giphy.com/gifs/OHTbpDC8W1GTd6W8gS,234109,GIF,OHTbpDC8W1GTd6W8gS,https://media.giphy.com/media/OHTbpDC8W1GTd6W8gS/giphy.gif
https://giphy.com/stickers/tIhfA1r6uZ6jWxBxLp,229493,STICKER,tIhfA1r6uZ6jWxBxLp,https://media.giphy.com/media/tIhfA1r6uZ6jWxBxLp/giphy.gif
https://giphy.com/gifs/oBdA8KmfWVVGr05MrP,201157,GIF,oBdA8KmfWVVGr05MrP,https://media.giphy.com/media/oBdA8KmfWVVGr05MrP/giphy.gif
https://giphy.com/stickers/KjLbrK7gG34XDDM21w,183311,STICKER,KjLbrK7gG34XDDM21w,https://media.giphy.com/media/KjLbrK7gG34XDDM21w/giphy.gif
https://giphy.com/gifs/pCTd6KxlCPYGy5NhRT,173860,GIF,pCTd6KxlCPYGy5NhRT,https://media.giphy.com/media/pCTd6KxlCPYGy5NhRT/giphy.gif
https://giphy.com/stickers/ddS7CUXeYH7yi7xJ6l,166401,STICKER,ddS7CUXeYH7yi7xJ6l,https://media.giphy.com/media/ddS7CUXeYH7yi7xJ6l/giphy.gif
https://giphy.com/gifs/MiUHPLYYzWtIcs9U9w,138317,GIF,MiUHPLYYzWtIcs9U9w,https://media.giphy.com/media/MiUHPLYYzWtIcs9U9w/giphy.gif
https://giphy.com/gifs/JMz8dXVEJOXOuoNLYV,127651,GIF,JMz8dXVEJOXOuoNLYV,https://media.giphy.com/media/JMz8dXVEJOXOuoNLYV/giphy.gif
https://giphy.com/stickers/fXFfp8CvSDWsxgCsKa,111437,STICKER,fXFfp8CvSDWsxgCsKa,https://media.giphy.com/media/fXFfp8CvSDWsxgCsKa/giphy.gif
https://giphy.com/gifs/rC6h0AlbhyTQaLK6Tj,95466,GIF,rC6h0AlbhyTQaLK6Tj,https://media.giphy.com/media/rC6h0AlbhyTQaLK6Tj/giphy.gif
https://giphy.com/stickers/4ONmZ8AZXvPYMHo8rw,95420,STICKER,4ONmZ8AZXvPYMHo8rw,https://media.giphy.com/media/4ONmZ8AZXvPYMHo8rw/giphy.gif
https://giphy.com/stickers/mwL50ZiXUQBPfywTYV,93141,STICKER,mwL50ZiXUQBPfywTYV,https://media.giphy.com/media/mwL50ZiXUQBPfywTYV/giphy.gif
https://giphy.com/stickers/DJfBNnSVSUdgizTRd5,90249,STICKER,DJfBNnSVSUdgizTRd5,https://media.giphy.com/media/DJfBNnSVSUdgizTRd5/giphy.gif
https://giphy.com/stickers/YViXfYHVUoVjv5fg1j,89851,STICKER,YViXfYHVUoVjv5fg1j,https://media.giphy.com/media/YViXfYHVUoVjv5fg1j/giphy.gif
https://giphy.com/gifs/8lvZpIYoLMG5kTFJ3V,88055,GIF,8lvZpIYoLMG5kTFJ3V,https://media.giphy.com/media/8lvZpIYoLMG5kTFJ3V/giphy.gif
https://giphy.com/gifs/BbpSEKy5yQOCapDzsH,85818,GIF,BbpSEKy5yQOCapDzsH,https://media.giphy.com/media/BbpSEKy5yQOCapDzsH/giphy.gif
https://giphy.com/gifs/ZTumXrSu1qx4rVEjQ4,85692,GIF,ZTumXrSu1qx4rVEjQ4,https://media.giphy.com/media/ZTumXrSu1qx4rVEjQ4/giphy.gif
https://giphy.com/gifs/bpZ6HgrPzOqy3nrJyB,84803,GIF,bpZ6HgrPzOqy3nrJyB,https://media.giphy.com/media/bpZ6HgrPzOqy3nrJyB/giphy.gif
https://giphy.com/stickers/FXgu9XaixtNSAKtfDH,74663,STICKER,FXgu9XaixtNSAKtfDH,https://media.giphy.com/media/FXgu9XaixtNSAKtfDH/giphy.gif
https://giphy.com/stickers/vpmsAc2OZnYsQkI2EB,71471,STICKER,vpmsAc2OZnYsQkI2EB,https://media.giphy.com/media/vpmsAc2OZnYsQkI2EB/giphy.gif
https://giphy.com/gifs/3m8Ml6VmB6pspHzrx4,64032,GIF,3m8Ml6VmB6pspHzrx4,https://media.giphy.com/media/3m8Ml6VmB6pspHzrx4/giphy.gif
https://giphy.com/gifs/XE7AtvPchUGD6vyNLu,63978,GIF,XE7AtvPchUGD6vyNLu,https://media.giphy.com/media/XE7AtvPchUGD6vyNLu/giphy.gif
https://giphy.com/stickers/iPeajh8jGXcoEbKaZv,62428,STICKER,iPeajh8jGXcoEbKaZv,https://media.giphy.com/media/iPeajh8jGXcoEbKaZv/giphy.gif
https://giphy.com/stickers/0TriTp3z6b9g5twFjZ,62426,STICKER,0TriTp3z6b9g5twFjZ,https://media.giphy.com/media/0TriTp3z6b9g5twFjZ/giphy.gif
https://giphy.com/stickers/bQV3DiuN90JZTOqSLg,61672,STICKER,bQV3DiuN90JZTOqSLg,https://media.giphy.com/media/bQV3DiuN90JZTOqSLg/giphy.gif
https://giphy.com/stickers/UoZje2I4lzOBULm5KP,59126,STICKER,UoZje2I4lzOBULm5KP,https://media.giphy.com/media/UoZje2I4lzOBULm5KP/giphy.gif
https://giphy.com/gifs/gDeeGnmbdYpjIipFhH,57943,GIF,gDeeGnmbdYpjIipFhH,https://media.giphy.com/media/gDeeGnmbdYpjIipFhH/giphy.gif
https://giphy.com/stickers/8THEnDo4AczKGRdyb8,56573,STICKER,8THEnDo4AczKGRdyb8,https://media.giphy.com/media/8THEnDo4AczKGRdyb8/giphy.gif
https://giphy.com/gifs/zqBjYMu3OoqWazxcu3,54354,GIF,zqBjYMu3OoqWazxcu3,https://media.giphy.com/media/zqBjYMu3OoqWazxcu3/giphy.gif
https://giphy.com/gifs/phsKqsEs9hh98zkXVX,54089,GIF,phsKqsEs9hh98zkXVX,https://media.giphy.com/media/phsKqsEs9hh98zkXVX/giphy.gif
https://giphy.com/gifs/iunvNr56gDNLARWegG,53337,GIF,iunvNr56gDNLARWegG,https://media.giphy.com/media/iunvNr56gDNLARWegG/giphy.gif
https://giphy.com/gifs/AFMNQLhn0bEfBLKWEu,49218,GIF,AFMNQLhn0bEfBLKWEu,https://media.giphy.com/media/AFMNQLhn0bEfBLKWEu/giphy.gif
https://giphy.com/stickers/tofgAwcMkBSV4Aj2pK,47728,STICKER,tofgAwcMkBSV4Aj2pK,https://media.giphy.com/media/tofgAwcMkBSV4Aj2pK/giphy.gif
https://giphy.com/stickers/0FGZI26GqbqxRBowOt,46933,STICKER,0FGZI26GqbqxRBowOt,https://media.giphy.com/media/0FGZI26GqbqxRBowOt/giphy.gif
https://giphy.com/stickers/6MuJKgVl4xO5KZcIGw,45111,STICKER,6MuJKgVl4xO5KZcIGw,https://media.giphy.com/media/6MuJKgVl4xO5KZcIGw/giphy.gif
https://giphy.com/gifs/O8s3DTlnXL980Hf544,41736,GIF,O8s3DTlnXL980Hf544,https://media.giphy.com/media/O8s3DTlnXL980Hf544/giphy.gif
https://giphy.com/gifs/uVDVk7IQOEaVWd5dWR,41677,GIF,uVDVk7IQOEaVWd5dWR,https://media.giphy.com/media/uVDVk7IQOEaVWd5dWR/giphy.gif
https://giphy.com/gifs/P3yx8zvGKTHMfR5rkt,40536,GIF,P3yx8zvGKTHMfR5rkt,https://media.giphy.com/media/P3yx8zvGKTHMfR5rkt/giphy.gif
https://giphy.com/gifs/wv7RT2KdgNbKRlzUrS,39337,GIF,wv7RT2KdgNbKRlzUrS,https://media.giphy.com/media/wv7RT2KdgNbKRlzUrS/giphy.gif
https://giphy.com/stickers/obSHjAqbTTj7hh9sUk,39178,STICKER,obSHjAqbTTj7hh9sUk,https://media.giphy.com/media/obSHjAqbTTj7hh9sUk/giphy.gif
https://giphy.com/gifs/fMDWaUcKTIv7VuZEI6,38811,GIF,fMDWaUcKTIv7VuZEI6,https://media.giphy.com/media/fMDWaUcKTIv7VuZEI6/giphy.gif
https://giphy.com/stickers/gB0YbJfwY2c2B17RzF,38307,STICKER,gB0YbJfwY2c2B17RzF,https://media.giphy.com/media/gB0YbJfwY2c2B17RzF/giphy.gif
https://giphy.com/stickers/YQjsUG2cMHSQqoW9O9,37659,STICKER,YQjsUG2cMHSQqoW9O9,https://media.giphy.com/media/YQjsUG2cMHSQqoW9O9/giphy.gif
https://giphy.com/gifs/vA9TMc6OrMUQmEBQwz,37581,GIF,vA9TMc6OrMUQmEBQwz,https://media.giphy.com/media/vA9TMc6OrMUQmEBQwz/giphy.gif
https://giphy.com/gifs/4SM4sqvfmTyaYob5gJ,35740,GIF,4SM4sqvfmTyaYob5gJ,https://media.giphy.com/media/4SM4sqvfmTyaYob5gJ/giphy.gif
https://giphy.com/gifs/N7QV1I1XXXo5CuQfte,35720,GIF,N7QV1I1XXXo5CuQfte,https://media.giphy.com/media/N7QV1I1XXXo5CuQfte/giphy.gif
https://giphy.com/stickers/KGTnfEKx3gRxgDr9ex,32195,STICKER,KGTnfEKx3gRxgDr9ex,https://media.giphy.com/media/KGTnfEKx3gRxgDr9ex/giphy.gif
https://giphy.com/gifs/XHlBqBEaPuAfxgYGba,31920,GIF,XHlBqBEaPuAfxgYGba,https://media.giphy.com/media/XHlBqBEaPuAfxgYGba/giphy.gif
https://giphy.com/gifs/299pggtywemrFuUq3X,30547,GIF,299pggtywemrFuUq3X,https://media.giphy.com/media/299pggtywemrFuUq3X/giphy.gif
https://giphy.com/stickers/mQnHX725DKDBdZkzfZ,26825,STICKER,mQnHX725DKDBdZkzfZ,https://media.giphy.com/media/mQnHX725DKDBdZkzfZ/giphy.gif
https://giphy.com/gifs/1IwXX52Zz4VVuOJf2T,25443,GIF,1IwXX52Zz4VVuOJf2T,https://media.giphy.com/media/1IwXX52Zz4VVuOJf2T/giphy.gif
https://giphy.com/gifs/nV1tZ2XGuS7Q3bnxuV,24911,GIF,nV1tZ2XGuS7Q3bnxuV,https://media.giphy.com/media/nV1tZ2XGuS7Q3bnxuV/giphy.gif
https://giphy.com/stickers/zGO5CJOFpfaSJNg6YF,22962,STICKER,zGO5CJOFpfaSJNg6YF,https://media.giphy.com/media/zGO5CJOFpfaSJNg6YF/giphy.gif
https://giphy.com/gifs/vIrvIuOPjCiBWcBhAE,22958,GIF,vIrvIuOPjCiBWcBhAE,https://media.giphy.com/media/vIrvIuOPjCiBWcBhAE/giphy.gif
https://giphy.com/stickers/ATm2wzALwCpI4dLKe1,21479,STICKER,ATm2wzALwCpI4dLKe1,https://media.giphy.com/media/ATm2wzALwCpI4dLKe1/giphy.gif
https://giphy.com/stickers/LeVLy9fh3ZwXSWAnn8,21330,STICKER,LeVLy9fh3ZwXSWAnn8,https://media.giphy.com/media/LeVLy9fh3ZwXSWAnn8/giphy.gif
https://giphy.com/gifs/axkqVGU2PCOh0PPZY9,21187,GIF,axkqVGU2PCOh0PPZY9,https://media.giphy.com/media/axkqVGU2PCOh0PPZY9/giphy.gif
https://giphy.com/gifs/1IQKBkzNR9kL5jaa43,20274,GIF,1IQKBkzNR9kL5jaa43,https://media.giphy.com/media/1IQKBkzNR9kL5jaa43/giphy.gif
https://giphy.com/stickers/GmLyZFQLMCQVEa8UgU,18347,STICKER,GmLyZFQLMCQVEa8UgU,https://media.giphy.com/media/GmLyZFQLMCQVEa8UgU/giphy.gif
https://giphy.com/stickers/gMb7ARiVeddMaE1Erz,17839,STICKER,gMb7ARiVeddMaE1Erz,https://media.giphy.com/media/gMb7ARiVeddMaE1Erz/giphy.gif
https://giphy.com/stickers/yYtqxREmuma7EnQhzz,17360,STICKER,yYtqxREmuma7EnQhzz,https://media.giphy.com/media/yYtqxREmuma7EnQhzz/giphy.gif
https://giphy.com/stickers/FiuAYEEKteJRzMOIg2,15812,STICKER,FiuAYEEKteJRzMOIg2,https://media.giphy.com/media/FiuAYEEKteJRzMOIg2/giphy.gif
https://giphy.com/gifs/DESURExKE5E3J1bA27,12875,GIF,DESURExKE5E3J1bA27,https://media.giphy.com/media/DESURExKE5E3J1bA27/giphy.gif
https://giphy.com/gifs/JQmBxMeW4kDwa6FLC7,11304,GIF,JQmBxMeW4kDwa6FLC7,https://media.giphy.com/media/JQmBxMeW4kDwa6FLC7/giphy.gif
https://giphy.com/gifs/tuwGIdN1Rdk70px5di,9969,GIF,tuwGIdN1Rdk70px5di,https://media.giphy.com/media/tuwGIdN1Rdk70px5di/giphy.gif
https://giphy.com/stickers/dq2qxpNEb9I80lmoVL,9148,STICKER,dq2qxpNEb9I80lmoVL,https://media.giphy.com/media/dq2qxpNEb9I80lmoVL/giphy.gif
https://giphy.com/stickers/rHrTMmpV9jOuIRgjT4,9036,STICKER,rHrTMmpV9jOuIRgjT4,https://media.giphy.com/media/rHrTMmpV9jOuIRgjT4/giphy.gif
https://giphy.com/stickers/4APGHXTw0dn5kdUjmH,8580,STICKER,4APGHXTw0dn5kdUjmH,https://media.giphy.com/media/4APGHXTw0dn5kdUjmH/giphy.gif
https://giphy.com/stickers/6hHgTphJgay9XlvDDj,8471,STICKER,6hHgTphJgay9XlvDDj,https://media.giphy.com/media/6hHgTphJgay9XlvDDj/giphy.gif
https://giphy.com/stickers/CIRIzfBn2kyqwRODq3,8411,STICKER,CIRIzfBn2kyqwRODq3,https://media.giphy.com/media/CIRIzfBn2kyqwRODq3/giphy.gif
https://giphy.com/gifs/bBfHrUGQMwbw4qVD4b,8205,GIF,bBfHrUGQMwbw4qVD4b,https://media.giphy.com/media/bBfHrUGQMwbw4qVD4b/giphy.gif
https://giphy.com/stickers/maQzA6cPfNuxpvonfg,7934,STICKER,maQzA6cPfNuxpvonfg,https://media.giphy.com/media/maQzA6cPfNuxpvonfg/giphy.gif
https://giphy.com/gifs/uSgHfoNgltaq10rTUg,7803,GIF,uSgHfoNgltaq10rTUg,https://media.giphy.com/media/uSgHfoNgltaq10rTUg/giphy.gif
https://giphy.com/gifs/2OLxxZmAbNlUOQ9cW1,6733,GIF,2OLxxZmAbNlUOQ9cW1,https://media.giphy.com/media/2OLxxZmAbNlUOQ9cW1/giphy.gif
https://giphy.com/stickers/ZgIm5HmoCxskx7v3FB,6729,STICKER,ZgIm5HmoCxskx7v3FB,https://media.giphy.com/media/ZgIm5HmoCxskx7v3FB/giphy.gif
https://giphy.com/stickers/Pm3iVelTQHRloxrVrP,3764,STICKER,Pm3iVelTQHRloxrVrP,https://media.giphy.com/media/Pm3iVelTQHRloxrVrP/giphy.gif
https://giphy.com/stickers/sYfYowAuDJERyzeGTa,3401,STICKER,sYfYowAuDJERyzeGTa,https://media.giphy.com/media/sYfYowAuDJERyzeGTa/giphy.gif
https://giphy.com/stickers/Bd4TGhYgnK9Qm3UWPo,3310,STICKER,Bd4TGhYgnK9Qm3UWPo,https://media.giphy.com/media/Bd4TGhYgnK9Qm3UWPo/giphy.gif
https://giphy.com/gifs/C5aCkTzGj72GeYJLpC,3310,GIF,C5aCkTzGj72GeYJLpC,https://media.giphy.com/media/C5aCkTzGj72GeYJLpC/giphy.gif
https://giphy.com/gifs/ISKpwnfQYmdr8Jsxmy,3031,GIF,ISKpwnfQYmdr8Jsxmy,https://media.giphy.com/media/ISKpwnfQYmdr8Jsxmy/giphy.gif
https://giphy.com/gifs/mffFSimudRWiSFKxlJ,3018,GIF,mffFSimudRWiSFKxlJ,https://media.giphy.com/media/mffFSimudRWiSFKxlJ/giphy.gif
https://giphy.com/gifs/8OVtX9l9hGIiLuTHmk,2721,GIF,8OVtX9l9hGIiLuTHmk,https://media.giphy.com/media/8OVtX9l9hGIiLuTHmk/giphy.gif
https://giphy.com/gifs/N6B4kELqKSvHhXTelD,2554,GIF,N6B4kELqKSvHhXTelD,https://media.giphy.com/media/N6B4kELqKSvHhXTelD/giphy.gif
https://giphy.com/gifs/NicvskaAiobRrohuWs,2440,GIF,NicvskaAiobRrohuWs,https://media.giphy.com/media/NicvskaAiobRrohuWs/giphy.gif
https://giphy.com/stickers/9mA1Sg8EXEnsZNxlT1,2192,STICKER,9mA1Sg8EXEnsZNxlT1,https://media.giphy.com/media/9mA1Sg8EXEnsZNxlT1/giphy.gif
https://giphy.com/stickers/87kTyoTTmKD2rPVWeR,2016,STICKER,87kTyoTTmKD2rPVWeR,https://media.giphy.com/media/87kTyoTTmKD2rPVWeR/giphy.gif
https://giphy.com/gifs/f1C5b3jTkNcRFcxJHh,1664,GIF,f1C5b3jTkNcRFcxJHh,https://media.giphy.com/media/f1C5b3jTkNcRFcxJHh/giphy.gif
https://giphy.com/stickers/iDf3GzN6sLLkYmiKzP,1580,STICKER,iDf3GzN6sLLkYmiKzP,https://media.giphy.com/media/iDf3GzN6sLLkYmiKzP/giphy.gif
https://giphy.com/gifs/V6evOnCLqwr8ZWPGIt,1430,GIF,V6evOnCLqwr8ZWPGIt,https://media.giphy.com/media/V6evOnCLqwr8ZWPGIt/giphy.gif
https://giphy.com/gifs/Sg9r7t4DTKfDTzMN3k,1371,GIF,Sg9r7t4DTKfDTzMN3k,https://media.giphy.com/media/Sg9r7t4DTKfDTzMN3k/giphy.gif
https://giphy.com/gifs/xqmJdl6QNfBpcscMRm,1112,GIF,xqmJdl6QNfBpcscMRm,https://media.giphy.com/media/xqmJdl6QNfBpcscMRm/giphy.gif
https://giphy.com/gifs/Jm8ViuxszUT2X48iqp,997,GIF,Jm8ViuxszUT2X48iqp,https://media.giphy.com/media/Jm8ViuxszUT2X48iqp/giphy.gif
https://giphy.com/gifs/w4D5eqOUQjbj5KxHL1,801,GIF,w4D5eqOUQjbj5KxHL1,https://media.giphy.com/media/w4D5eqOUQjbj5KxHL1/giphy.gif
https://giphy.com/stickers/VlXGidIrEtqBVGj0n9,779,STICKER,VlXGidIrEtqBVGj0n9,https://media.giphy.com/media/VlXGidIrEtqBVGj0n9/giphy.gif
https://giphy.com/gifs/daMU1l0Oh16MCeoskI,762954,GIF,daMU1l0Oh16MCeoskI,https://media.giphy.com/media/daMU1l0Oh16MCeoskI/giphy.gif
https://giphy.com/gifs/LZtGpOjFcdLUPwHsik,668540,GIF,LZtGpOjFcdLUPwHsik,https://media.giphy.com/media/LZtGpOjFcdLUPwHsik/giphy.gif
https://giphy.com/stickers/Sl6gfGnxv7Z9fpl7vP,648880,STICKER,Sl6gfGnxv7Z9fpl7vP,https://media.giphy.com/media/Sl6gfGnxv7Z9fpl7vP/giphy.gif
https://giphy.com/gifs/o61frBC7OK1iQLgpRN,623917,GIF,o61frBC7OK1iQLgpRN,https://media.giphy.com/media/o61frBC7OK1iQLgpRN/giphy.gif
https://giphy.com/stickers/HUVChXBB374CunpnN1,621380,STICKER,HUVChXBB374CunpnN1,https://media.giphy.com/media/HUVChXBB374CunpnN1/giphy.gif
https://giphy.com/stickers/wDFt3ZMFltoq2e9vgj,467561,STICKER,wDFt3ZMFltoq2e9vgj,https://media.giphy.com/media/wDFt3ZMFltoq2e9vgj/giphy.gif
https://giphy.com/stickers/soWMUWEAWV5h7bqOLD,419516,STICKER,soWMUWEAWV5h7bqOLD,https://media.giphy.com/media/soWMUWEAWV5h7bqOLD/giphy.gif
https://giphy.com/gifs/TRegHp2PHw6zhQfjKc,404068,GIF,TRegHp2PHw6zhQfjKc,https://media.giphy.com/media/TRegHp2PHw6zhQfjKc/giphy.gif
https://giphy.com/gifs/Nx3EGYDSR9o0v7gB9Z,401599,GIF,Nx3EGYDSR9o0v7gB9Z,https://media.giphy.com/media/Nx3EGYDSR9o0v7gB9Z/giphy.gif
https://giphy.com/stickers/X60SJx5XSnFtKQbQQP,398312,STICKER,X60SJx5XSnFtKQbQQP,https://media.giphy.com/media/X60SJx5XSnFtKQbQQP/giphy.gif
https://giphy.com/stickers/5e5qnmyND2F95nigzX,369256,STICKER,5e5qnmyND2F95nigzX,https://media.giphy.com/media/5e5qnmyND2F95nigzX/giphy.gif
https://giphy.com/stickers/cgu0clgEIF0UlfHCcR,289921,STICKER,cgu0clgEIF0UlfHCcR,https://media.giphy.com/media/cgu0clgEIF0UlfHCcR/giphy.gif
https://giphy.com/stickers/EySrcVbaQ9uJPtHcfU,281987,STICKER,EySrcVbaQ9uJPtHcfU,https://media.giphy.com/media/EySrcVbaQ9uJPtHcfU/giphy.gif
https://giphy.com/gifs/Fm00P7dwLoeREAzdto,262916,GIF,Fm00P7dwLoeREAzdto,https://media.giphy.com/media/Fm00P7dwLoeREAzdto/giphy.gif
https://giphy.com/stickers/0mnwYO1sRdy8gGJSeC,254126,STICKER,0mnwYO1sRdy8gGJSeC,https://media.giphy.com/media/0mnwYO1sRdy8gGJSeC/giphy.gif
https://giphy.com/stickers/zZ4RUOGbL7QWJrKECX,233442,STICKER,zZ4RUOGbL7QWJrKECX,https://media.giphy.com/media/zZ4RUOGbL7QWJrKECX/giphy.gif
https://giphy.com/stickers/EiTP4ms2jGk7KxbAF2,225671,STICKER,EiTP4ms2jGk7KxbAF2,https://media.giphy.com/media/EiTP4ms2jGk7KxbAF2/giphy.gif
https://giphy.com/gifs/8iT6qzGeUENpdwhroR,216809,GIF,8iT6qzGeUENpdwhroR,https://media.giphy.com/media/8iT6qzGeUENpdwhroR/giphy.gif
https://giphy.com/gifs/oPVf25PHuLhBrKnjWP,200084,GIF,oPVf25PHuLhBrKnjWP,https://media.giphy.com/media/oPVf25PHuLhBrKnjWP/giphy.gif
https://giphy.com/gifs/KvTCb90aortQevANVq,185151,GIF,KvTCb90aortQevANVq,https://media.giphy.com/media/KvTCb90aortQevANVq/giphy.gif
https://giphy.com/gifs/izakgh1KZXjdFwIkwD,180729,GIF,izakgh1KZXjdFwIkwD,https://media.giphy.com/media/izakgh1KZXjdFwIkwD/giphy.gif
https://giphy.com/gifs/gWKGOZF4yFRtqVi59I,180429,GIF,gWKGOZF4yFRtqVi59I,https://media.giphy.com/media/gWKGOZF4yFRtqVi59I/giphy.gif
https://giphy.com/gifs/cj7o2Dqqe8j6QJnA5J,179740,GIF,cj7o2Dqqe8j6QJnA5J,https://media.giphy.com/media/cj7o2Dqqe8j6QJnA5J/giphy.gif
https://giphy.com/gifs/EtcWf02xPLQ2snirnN,173182,GIF,EtcWf02xPLQ2snirnN,https://media.giphy.com/media/EtcWf02xPLQ2snirnN/giphy.gif
https://giphy.com/stickers/MoBngpzsIY8qfok7yL,172829,STICKER,MoBngpzsIY8qfok7yL,https://media.giphy.com/media/MoBngpzsIY8qfok7yL/giphy.gif
https://giphy.com/gifs/fajdSR0OASg0JRixkY,168820,GIF,fajdSR0OASg0JRixkY,https://media.giphy.com/media/fajdSR0OASg0JRixkY/giphy.gif
https://giphy.com/gifs/TLVf4YFPGunBpCtgVr,148915,GIF,TLVf4YFPGunBpCtgVr,https://media.giphy.com/media/TLVf4YFPGunBpCtgVr/giphy.gif
https://giphy.com/stickers/8O2FceqJmpUlz4QZIL,139235,STICKER,8O2FceqJmpUlz4QZIL,https://media.giphy.com/media/8O2FceqJmpUlz4QZIL/giphy.gif
https://giphy.com/gifs/1DDPC04HwRDga9QeJT,137716,GIF,1DDPC04HwRDga9QeJT,https://media.giphy.com/media/1DDPC04HwRDga9QeJT/giphy.gif
https://giphy.com/gifs/T0keQCuHLePTqpN7pG,133989,GIF,T0keQCuHLePTqpN7pG,https://media.giphy.com/media/T0keQCuHLePTqpN7pG/giphy.gif
https://giphy.com/gifs/vtQ5trGChsSIuiw9k5,131222,GIF,vtQ5trGChsSIuiw9k5,https://media.giphy.com/media/vtQ5trGChsSIuiw9k5/giphy.gif
https://giphy.com/stickers/JWSQJyc6Fthwa5rl5U,126295,STICKER,JWSQJyc6Fthwa5rl5U,https://media.giphy.com/media/JWSQJyc6Fthwa5rl5U/giphy.gif
https://giphy.com/stickers/IFslQjiTSLvGNgzY5T,122646,STICKER,IFslQjiTSLvGNgzY5T,https://media.giphy.com/media/IFslQjiTSLvGNgzY5T/giphy.gif
https://giphy.com/gifs/dRcHcbG54z7PgzeKJg,121438,GIF,dRcHcbG54z7PgzeKJg,https://media.giphy.com/media/dRcHcbG54z7PgzeKJg/giphy.gif
https://giphy.com/gifs/z1s7RcpTngeVlvD48a,120890,GIF,z1s7RcpTngeVlvD48a,https://media.giphy.com/media/z1s7RcpTngeVlvD48a/giphy.gif
https://giphy.com/gifs/LsMOReJubuHKyruszd,120620,GIF,LsMOReJubuHKyruszd,https://media.giphy.com/media/LsMOReJubuHKyruszd/giphy.gif
https://giphy.com/gifs/UHVQc4Nl7XoPfwOyfl,108356,GIF,UHVQc4Nl7XoPfwOyfl,https://media.giphy.com/media/UHVQc4Nl7XoPfwOyfl/giphy.gif
https://giphy.com/stickers/V509ihOHVTz7lOX9EK,107556,STICKER,V509ihOHVTz7lOX9EK,https://media.giphy.com/media/V509ihOHVTz7lOX9EK/giphy.gif
https://giphy.com/gifs/fnVAtAbN4TOILp9Vot,103744,GIF,fnVAtAbN4TOILp9Vot,https://media.giphy.com/media/fnVAtAbN4TOILp9Vot/giphy.gif
https://giphy.com/gifs/Nsv6KNU4bam3bnF3r1,101199,GIF,Nsv6KNU4bam3bnF3r1,https://media.giphy.com/media/Nsv6KNU4bam3bnF3r1/giphy.gif
https://giphy.com/gifs/GFeQyb1kcG7sJDL489,100376,GIF,GFeQyb1kcG7sJDL489,https://media.giphy.com/media/GFeQyb1kcG7sJDL489/giphy.gif
https://giphy.com/stickers/RIfoSrA4OD9qcpNQSE,98692,STICKER,RIfoSrA4OD9qcpNQSE,https://media.giphy.com/media/RIfoSrA4OD9qcpNQSE/giphy.gif
https://giphy.com/gifs/cBLYxYDO11FqrYCFYA,98301,GIF,cBLYxYDO11FqrYCFYA,https://media.giphy.com/media/cBLYxYDO11FqrYCFYA/giphy.gif
https://giphy.com/gifs/sqJbYaLINu9tMgFRd0,98065,GIF,sqJbYaLINu9tMgFRd0,https://media.giphy.com/media/sqJbYaLINu9tMgFRd0/giphy.gif
https://giphy.com/gifs/0flNubTojR6RMvjMhW,97789,GIF,0flNubTojR6RMvjMhW,https://media.giphy.com/media/0flNubTojR6RMvjMhW/giphy.gif
https://giphy.com/gifs/QOWAQfTbRiliqrAMYY,97189,GIF,QOWAQfTbRiliqrAMYY,https://media.giphy.com/media/QOWAQfTbRiliqrAMYY/giphy.gif
https://giphy.com/stickers/vkD3ZnPejBb3o5zMt3,95331,STICKER,vkD3ZnPejBb3o5zMt3,https://media.giphy.com/media/vkD3ZnPejBb3o5zMt3/giphy.gif
https://giphy.com/gifs/0KQ5xPDFadO3D5N55H,94035,GIF,0KQ5xPDFadO3D5N55H,https://media.giphy.com/media/0KQ5xPDFadO3D5N55H/giphy.gif
https://giphy.com/gifs/BaGHXlKgs6x9mqXwmV,93557,GIF,BaGHXlKgs6x9mqXwmV,https://media.giphy.com/media/BaGHXlKgs6x9mqXwmV/giphy.gif
https://giphy.com/gifs/gXJ8QbbUWVB92ofkuQ,87806,GIF,gXJ8QbbUWVB92ofkuQ,https://media.giphy.com/media/gXJ8QbbUWVB92ofkuQ/giphy.gif
https://giphy.com/gifs/gYxHv5Lo9zHPmcI1NP,86453,GIF,gYxHv5Lo9zHPmcI1NP,https://media.giphy.com/media/gYxHv5Lo9zHPmcI1NP/giphy.gif
https://giphy.com/gifs/cq4jNsadq1pZQNxX5V,84514,GIF,cq4jNsadq1pZQNxX5V,https://media.giphy.com/media/cq4jNsadq1pZQNxX5V/giphy.gif
https://giphy.com/gifs/WtjlAl4eswDhwGFeEt,84290,GIF,WtjlAl4eswDhwGFeEt,https://media.giphy.com/media/WtjlAl4eswDhwGFeEt/giphy.gif
https://giphy.com/gifs/rreJLKkjrjbkZmbosr,82747,GIF,rreJLKkjrjbkZmbosr,https://media.giphy.com/media/rreJLKkjrjbkZmbosr/giphy.gif
https://giphy.com/gifs/GXULCC8RguQVjNjrfc,82635,GIF,GXULCC8RguQVjNjrfc,https://media.giphy.com/media/GXULCC8RguQVjNjrfc/giphy.gif
https://giphy.com/gifs/VCkQWAF9dUAoqERHHH,81650,GIF,VCkQWAF9dUAoqERHHH,https://media.giphy.com/media/VCkQWAF9dUAoqERHHH/giphy.gif
https://giphy.com/gifs/47CNjHwVoGHszycfvF,80939,GIF,47CNjHwVoGHszycfvF,https://media.giphy.com/media/47CNjHwVoGHszycfvF/giphy.gif
https://giphy.com/stickers/98B4PMLnOEAWrpXIxz,79477,STICKER,98B4PMLnOEAWrpXIxz,https://media.giphy.com/media/98B4PMLnOEAWrpXIxz/giphy.gif
https://giphy.com/gifs/1FalkeGc4rqh95wt3G,79323,GIF,1FalkeGc4rqh95wt3G,https://media.giphy.com/media/1FalkeGc4rqh95wt3G/giphy.gif
https://giphy.com/gifs/QqVCVkw0pMvb7JeJuz,79239,GIF,QqVCVkw0pMvb7JeJuz,https://media.giphy.com/media/QqVCVkw0pMvb7JeJuz/giphy.gif
https://giphy.com/gifs/uLj7RfeoCWylF1qkzi,74382,GIF,uLj7RfeoCWylF1qkzi,https://media.giphy.com/media/uLj7RfeoCWylF1qkzi/giphy.gif
https://giphy.com/gifs/K2F239QbeFblXTiVOr,71371,GIF,K2F239QbeFblXTiVOr,https://media.giphy.com/media/K2F239QbeFblXTiVOr/giphy.gif
https://giphy.com/gifs/kkNZjPpRN2RhcwaM5H,66072,GIF,kkNZjPpRN2RhcwaM5H,https://media.giphy.com/media/kkNZjPpRN2RhcwaM5H/giphy.gif
https://giphy.com/gifs/wJpUAP4pC5TkLRIaXe,65561,GIF,wJpUAP4pC5TkLRIaXe,https://media.giphy.com/media/wJpUAP4pC5TkLRIaXe/giphy.gif
https://giphy.com/gifs/4YNzHzbCatulmdx0co,63109,GIF,4YNzHzbCatulmdx0co,https://media.giphy.com/media/4YNzHzbCatulmdx0co/giphy.gif
https://giphy.com/gifs/wwr1ZGcLDVm99kOu8R,62882,GIF,wwr1ZGcLDVm99kOu8R,https://media.giphy.com/media/wwr1ZGcLDVm99kOu8R/giphy.gif
https://giphy.com/gifs/1gVp8z2jOf1tPPaYHZ,61651,GIF,1gVp8z2jOf1tPPaYHZ,https://media.giphy.com/media/1gVp8z2jOf1tPPaYHZ/giphy.gif
https://giphy.com/stickers/4Ezvl08JaV9gQzPu3o,60645,STICKER,4Ezvl08JaV9gQzPu3o,https://media.giphy.com/media/4Ezvl08JaV9gQzPu3o/giphy.gif
https://giphy.com/gifs/yMgXKp1yUkd4O0qqh1,59796,GIF,yMgXKp1yUkd4O0qqh1,https://media.giphy.com/media/yMgXKp1yUkd4O0qqh1/giphy.gif
https://giphy.com/gifs/4qQlzJL4PkcMkbbqnG,57727,GIF,4qQlzJL4PkcMkbbqnG,https://media.giphy.com/media/4qQlzJL4PkcMkbbqnG/giphy.gif
https://giphy.com/gifs/IsSsAkAbMfNtKAkJwg,57680,GIF,IsSsAkAbMfNtKAkJwg,https://media.giphy.com/media/IsSsAkAbMfNtKAkJwg/giphy.gif
https://giphy.com/gifs/cv2YGWfCXCAZ0iQmA3,56914,GIF,cv2YGWfCXCAZ0iQmA3,https://media.giphy.com/media/cv2YGWfCXCAZ0iQmA3/giphy.gif
https://giphy.com/gifs/YBeyaSooHFwpoDeNAP,56336,GIF,YBeyaSooHFwpoDeNAP,https://media.giphy.com/media/YBeyaSooHFwpoDeNAP/giphy.gif
https://giphy.com/gifs/21ErdaEslP1MUyPwiY,55219,GIF,21ErdaEslP1MUyPwiY,https://media.giphy.com/media/21ErdaEslP1MUyPwiY/giphy.gif
https://giphy.com/gifs/3l3fJXcjBLWuy6Vpvd,54375,GIF,3l3fJXcjBLWuy6Vpvd,https://media.giphy.com/media/3l3fJXcjBLWuy6Vpvd/giphy.gif
https://giphy.com/gifs/knsnW7fkdkJZCti7xC,54327,GIF,knsnW7fkdkJZCti7xC,https://media.giphy.com/media/knsnW7fkdkJZCti7xC/giphy.gif
https://giphy.com/gifs/dgiKsShQ7NCl10qkCc,52664,GIF,dgiKsShQ7NCl10qkCc,https://media.giphy.com/media/dgiKsShQ7NCl10qkCc/giphy.gif
https://giphy.com/gifs/fSlJmt4NTooCb8qlC2,52345,GIF,fSlJmt4NTooCb8qlC2,https://media.giphy.com/media/fSlJmt4NTooCb8qlC2/giphy.gif
https://giphy.com/gifs/NjLlDjGmx8zvRvfZfN,47774,GIF,NjLlDjGmx8zvRvfZfN,https://media.giphy.com/media/NjLlDjGmx8zvRvfZfN/giphy.gif
https://giphy.com/gifs/je6ZlS0mWFp4odEHvC,46681,GIF,je6ZlS0mWFp4odEHvC,https://media.giphy.com/media/je6ZlS0mWFp4odEHvC/giphy.gif
https://giphy.com/gifs/zmYRpurHSwJnwsnUbK,45046,GIF,zmYRpurHSwJnwsnUbK,https://media.giphy.com/media/zmYRpurHSwJnwsnUbK/giphy.gif
https://giphy.com/gifs/SQHSKWnEZ4MY7jxV19,44608,GIF,SQHSKWnEZ4MY7jxV19,https://media.giphy.com/media/SQHSKWnEZ4MY7jxV19/giphy.gif
https://giphy.com/gifs/joHptrtDVb9sphBfk6,42305,GIF,joHptrtDVb9sphBfk6,https://media.giphy.com/media/joHptrtDVb9sphBfk6/giphy.gif
https://giphy.com/gifs/TgzwLx6F5DE4N93dMr,40938,GIF,TgzwLx6F5DE4N93dMr,https://media.giphy.com/media/TgzwLx6F5DE4N93dMr/giphy.gif
https://giphy.com/gifs/WtF6P25ejZJDXb9c5Q,39453,GIF,WtF6P25ejZJDXb9c5Q,https://media.giphy.com/media/WtF6P25ejZJDXb9c5Q/giphy.gif
https://giphy.com/gifs/3nExBQYjbfNwhU6qWC,37401,GIF,3nExBQYjbfNwhU6qWC,https://media.giphy.com/media/3nExBQYjbfNwhU6qWC/giphy.gif
https://giphy.com/gifs/bdZHaUiv0N7Bzghmln,37352,GIF,bdZHaUiv0N7Bzghmln,https://media.giphy.com/media/bdZHaUiv0N7Bzghmln/giphy.gif
https://giphy.com/gifs/FCqsSAbr2GDLVn9T9G,36406,GIF,FCqsSAbr2GDLVn9T9G,https://media.giphy.com/media/FCqsSAbr2GDLVn9T9G/giphy.gif
https://giphy.com/gifs/j5seRxm6peJdT4IHYe,36162,GIF,j5seRxm6peJdT4IHYe,https://media.giphy.com/media/j5seRxm6peJdT4IHYe/giphy.gif
https://giphy.com/gifs/O9jOP0WbiG5ARH6nEV,35320,GIF,O9jOP0WbiG5ARH6nEV,https://media.giphy.com/media/O9jOP0WbiG5ARH6nEV/giphy.gif
https://giphy.com/gifs/PCgQRe7VkKYVT2YpCw,32055,GIF,PCgQRe7VkKYVT2YpCw,https://media.giphy.com/media/PCgQRe7VkKYVT2YpCw/giphy.gif
https://giphy.com/gifs/KfoErvJre7JdmatB31,30048,GIF,KfoErvJre7JdmatB31,https://media.giphy.com/media/KfoErvJre7JdmatB31/giphy.gif
https://giphy.com/gifs/4Zxt7ep9tA6rn65k6B,27915,GIF,4Zxt7ep9tA6rn65k6B,https://media.giphy.com/media/4Zxt7ep9tA6rn65k6B/giphy.gif
https://giphy.com/gifs/IET9F2q79nyS6ixeez,24328,GIF,IET9F2q79nyS6ixeez,https://media.giphy.com/media/IET9F2q79nyS6ixeez/giphy.gif
https://giphy.com/gifs/ZSfMEEzXudBHDMpw0O,22979,GIF,ZSfMEEzXudBHDMpw0O,https://media.giphy.com/media/ZSfMEEzXudBHDMpw0O/giphy.gif
https://giphy.com/gifs/lIWcwMU9K0BM5rbWuw,18564,GIF,lIWcwMU9K0BM5rbWuw,https://media.giphy.com/media/lIWcwMU9K0BM5rbWuw/giphy.gif
https://giphy.com/gifs/cEN0DvlEjP7H0iDP0c,13544,GIF,cEN0DvlEjP7H0iDP0c,https://media.giphy.com/media/cEN0DvlEjP7H0iDP0c/giphy.gif
https://giphy.com/gifs/AUGNk4s1XJp65U6Yd2,11906,GIF,AUGNk4s1XJp65U6Yd2,https://media.giphy.com/media/AUGNk4s1XJp65U6Yd2/giphy.gif
https://giphy.com/gifs/ApHl1LROs2FZO9P4Oi,3574,GIF,ApHl1LROs2FZO9P4Oi,https://media.giphy.com/media/ApHl1LROs2FZO9P4Oi/giphy.gif
https://giphy.com/stickers/2VLWRpxoCXStSwF9wZ,3409,STICKER,2VLWRpxoCXStSwF9wZ,https://media.giphy.com/media/2VLWRpxoCXStSwF9wZ/giphy.gif
https://giphy.com/gifs/tcoWDXSKtiyewUCcXY,24486263,GIF,tcoWDXSKtiyewUCcXY,https://media.giphy.com/media/tcoWDXSKtiyewUCcXY/giphy.gif
https://giphy.com/stickers/2HRvUOnWkF2XyCPQDM,6709212,STICKER,2HRvUOnWkF2XyCPQDM,https://media.giphy.com/media/2HRvUOnWkF2XyCPQDM/giphy.gif
https://giphy.com/stickers/j1eKyf8KbCCLdEgn6a,3048359,STICKER,j1eKyf8KbCCLdEgn6a,https://media.giphy.com/media/j1eKyf8KbCCLdEgn6a/giphy.gif
https://giphy.com/gifs/OhQW0OmfX7ogHJMCnd,2689509,GIF,OhQW0OmfX7ogHJMCnd,https://media.giphy.com/media/OhQW0OmfX7ogHJMCnd/giphy.gif
https://giphy.com/stickers/F8ii1G5QTpIeWZTQih,1878465,STICKER,F8ii1G5QTpIeWZTQih,https://media.giphy.com/media/F8ii1G5QTpIeWZTQih/giphy.gif
https://giphy.com/stickers/wvsjBJk1uJDNM8Sd1Z,1873482,STICKER,wvsjBJk1uJDNM8Sd1Z,https://media.giphy.com/media/wvsjBJk1uJDNM8Sd1Z/giphy.gif
https://giphy.com/gifs/WM4RoPGx4xBMNc58m1,979203,GIF,WM4RoPGx4xBMNc58m1,https://media.giphy.com/media/WM4RoPGx4xBMNc58m1/giphy.gif
https://giphy.com/gifs/oSSSWpHrahI55iM7is,812854,GIF,oSSSWpHrahI55iM7is,https://media.giphy.com/media/oSSSWpHrahI55iM7is/giphy.gif
https://giphy.com/gifs/uKRJG2YlRU1xmk6Iv8,715051,GIF,uKRJG2YlRU1xmk6Iv8,https://media.giphy.com/media/uKRJG2YlRU1xmk6Iv8/giphy.gif
https://giphy.com/stickers/54gIbV74ljw40yJg65,667603,STICKER,54gIbV74ljw40yJg65,https://media.giphy.com/media/54gIbV74ljw40yJg65/giphy.gif
https://giphy.com/gifs/lgsWuR26pGShvOhTJd,590791,GIF,lgsWuR26pGShvOhTJd,https://media.giphy.com/media/lgsWuR26pGShvOhTJd/giphy.gif
https://giphy.com/gifs/hopKnfxC2ajwo8Jrmv,534408,GIF,hopKnfxC2ajwo8Jrmv,https://media.giphy.com/media/hopKnfxC2ajwo8Jrmv/giphy.gif
https://giphy.com/stickers/yqxOSBbFRLNfLymQhT,522656,STICKER,yqxOSBbFRLNfLymQhT,https://media.giphy.com/media/yqxOSBbFRLNfLymQhT/giphy.gif
https://giphy.com/stickers/DOIHixNuJaHvwQoG3e,505421,STICKER,DOIHixNuJaHvwQoG3e,https://media.giphy.com/media/DOIHixNuJaHvwQoG3e/giphy.gif
https://giphy.com/gifs/2JBljuf2ByHYdTFxg3,486744,GIF,2JBljuf2ByHYdTFxg3,https://media.giphy.com/media/2JBljuf2ByHYdTFxg3/giphy.gif
https://giphy.com/stickers/xNSaBjV0oYGhdsjofl,468279,STICKER,xNSaBjV0oYGhdsjofl,https://media.giphy.com/media/xNSaBjV0oYGhdsjofl/giphy.gif
https://giphy.com/stickers/crPvxGdkslEj4hQz6F,426436,STICKER,crPvxGdkslEj4hQz6F,https://media.giphy.com/media/crPvxGdkslEj4hQz6F/giphy.gif
https://giphy.com/gifs/ij2eWXaCxIFUybvO3A,413299,GIF,ij2eWXaCxIFUybvO3A,https://media.giphy.com/media/ij2eWXaCxIFUybvO3A/giphy.gif
https://giphy.com/stickers/m6arNuNP98IF4PyJmt,407197,STICKER,m6arNuNP98IF4PyJmt,https://media.giphy.com/media/m6arNuNP98IF4PyJmt/giphy.gif
https://giphy.com/stickers/ET2qck1bRlz77FLZi0,403501,STICKER,ET2qck1bRlz77FLZi0,https://media.giphy.com/media/ET2qck1bRlz77FLZi0/giphy.gif
https://giphy.com/stickers/C9fW9HzAFtDmNjSLee,391662,STICKER,C9fW9HzAFtDmNjSLee,https://media.giphy.com/media/C9fW9HzAFtDmNjSLee/giphy.gif
https://giphy.com/stickers/jtj6ZCtU6xxG0yszVv,377399,STICKER,jtj6ZCtU6xxG0yszVv,https://media.giphy.com/media/jtj6ZCtU6xxG0yszVv/giphy.gif
https://giphy.com/gifs/aKoQKo360r0fW6LkIi,363908,GIF,aKoQKo360r0fW6LkIi,https://media.giphy.com/media/aKoQKo360r0fW6LkIi/giphy.gif
https://giphy.com/stickers/jNpOemKv9EJWodage8,347915,STICKER,jNpOemKv9EJWodage8,https://media.giphy.com/media/jNpOemKv9EJWodage8/giphy.gif
https://giphy.com/stickers/8eiOKshAwmTCpnLvhR,341489,STICKER,8eiOKshAwmTCpnLvhR,https://media.giphy.com/media/8eiOKshAwmTCpnLvhR/giphy.gif
https://giphy.com/stickers/tHWgo73WZE2VChQL2I,330326,STICKER,tHWgo73WZE2VChQL2I,https://media.giphy.com/media/tHWgo73WZE2VChQL2I/giphy.gif
https://giphy.com/gifs/GVBShhJhK0qaqudmFk,328261,GIF,GVBShhJhK0qaqudmFk,https://media.giphy.com/media/GVBShhJhK0qaqudmFk/giphy.gif
https://giphy.com/gifs/DbiPnBQvKQFCKLLyAA,299215,GIF,DbiPnBQvKQFCKLLyAA,https://media.giphy.com/media/DbiPnBQvKQFCKLLyAA/giphy.gif
https://giphy.com/stickers/A9sMmcwEmnhX3RyKnc,271560,STICKER,A9sMmcwEmnhX3RyKnc,https://media.giphy.com/media/A9sMmcwEmnhX3RyKnc/giphy.gif
https://giphy.com/stickers/IivqA5BFnq8tztoYXG,269369,STICKER,IivqA5BFnq8tztoYXG,https://media.giphy.com/media/IivqA5BFnq8tztoYXG/giphy.gif
https://giphy.com/stickers/leB52vafq1wmlXZ8br,264068,STICKER,leB52vafq1wmlXZ8br,https://media.giphy.com/media/leB52vafq1wmlXZ8br/giphy.gif
https://giphy.com/stickers/VStY1nD6zpJdJK6f5j,258652,STICKER,VStY1nD6zpJdJK6f5j,https://media.giphy.com/media/VStY1nD6zpJdJK6f5j/giphy.gif
https://giphy.com/gifs/RTNnqLtRCfExKrNHz9,242917,GIF,RTNnqLtRCfExKrNHz9,https://media.giphy.com/media/RTNnqLtRCfExKrNHz9/giphy.gif
https://giphy.com/stickers/ZeVAwLYvbNZCp8Zcvp,238147,STICKER,ZeVAwLYvbNZCp8Zcvp,https://media.giphy.com/media/ZeVAwLYvbNZCp8Zcvp/giphy.gif
https://giphy.com/stickers/bCtlRJh4gJg0kWMTa3,227382,STICKER,bCtlRJh4gJg0kWMTa3,https://media.giphy.com/media/bCtlRJh4gJg0kWMTa3/giphy.gif
https://giphy.com/stickers/5MwiLRAdSGNLvvl1ZH,227299,STICKER,5MwiLRAdSGNLvvl1ZH,https://media.giphy.com/media/5MwiLRAdSGNLvvl1ZH/giphy.gif
https://giphy.com/gifs/xloHmqY5LNj0DmCyj2,224588,GIF,xloHmqY5LNj0DmCyj2,https://media.giphy.com/media/xloHmqY5LNj0DmCyj2/giphy.gif
https://giphy.com/stickers/erHj2YO6laGFPQBlix,219138,STICKER,erHj2YO6laGFPQBlix,https://media.giphy.com/media/erHj2YO6laGFPQBlix/giphy.gif
https://giphy.com/stickers/oegyvvFktPOURjDHg9,211550,STICKER,oegyvvFktPOURjDHg9,https://media.giphy.com/media/oegyvvFktPOURjDHg9/giphy.gif
https://giphy.com/gifs/Zehu9hxFFSmcxg3TGm,204870,GIF,Zehu9hxFFSmcxg3TGm,https://media.giphy.com/media/Zehu9hxFFSmcxg3TGm/giphy.gif
https://giphy.com/stickers/BfXHRszl26C0tFTtP5,200677,STICKER,BfXHRszl26C0tFTtP5,https://media.giphy.com/media/BfXHRszl26C0tFTtP5/giphy.gif
https://giphy.com/gifs/upiJ8O4B4B4Yu7ljXF,199494,GIF,upiJ8O4B4B4Yu7ljXF,https://media.giphy.com/media/upiJ8O4B4B4Yu7ljXF/giphy.gif
https://giphy.com/stickers/ynZ0N9AbZiRqwkwVso,186760,STICKER,ynZ0N9AbZiRqwkwVso,https://media.giphy.com/media/ynZ0N9AbZiRqwkwVso/giphy.gif
https://giphy.com/gifs/dUWVXawJH4rpoFKs5z,183046,GIF,dUWVXawJH4rpoFKs5z,https://media.giphy.com/media/dUWVXawJH4rpoFKs5z/giphy.gif
https://giphy.com/gifs/ubvcLXdOIaHG6bgayw,175785,GIF,ubvcLXdOIaHG6bgayw,https://media.giphy.com/media/ubvcLXdOIaHG6bgayw/giphy.gif
https://giphy.com/gifs/m2u88XzezD9M4Dvqz5,166847,GIF,m2u88XzezD9M4Dvqz5,https://media.giphy.com/media/m2u88XzezD9M4Dvqz5/giphy.gif
https://giphy.com/gifs/tkKBXJh6kDWRsQGCVy,158028,GIF,tkKBXJh6kDWRsQGCVy,https://media.giphy.com/media/tkKBXJh6kDWRsQGCVy/giphy.gif
https://giphy.com/gifs/KfgPprSvaNPEF73wDV,156003,GIF,KfgPprSvaNPEF73wDV,https://media.giphy.com/media/KfgPprSvaNPEF73wDV/giphy.gif
https://giphy.com/gifs/loJpjhG0OoS8KuE3v7,150795,GIF,loJpjhG0OoS8KuE3v7,https://media.giphy.com/media/loJpjhG0OoS8KuE3v7/giphy.gif
https://giphy.com/gifs/ecUSfs951nGSuIEo6F,150461,GIF,ecUSfs951nGSuIEo6F,https://media.giphy.com/media/ecUSfs951nGSuIEo6F/giphy.gif
https://giphy.com/stickers/AI6W39S2uD6bIjP6NM,150079,STICKER,AI6W39S2uD6bIjP6NM,https://media.giphy.com/media/AI6W39S2uD6bIjP6NM/giphy.gif
https://giphy.com/gifs/zRw0RFrOaKCIkesbey,149791,GIF,zRw0RFrOaKCIkesbey,https://media.giphy.com/media/zRw0RFrOaKCIkesbey/giphy.gif
https://giphy.com/gifs/rxEWQCZ1QBNcWcWGnc,145568,GIF,rxEWQCZ1QBNcWcWGnc,https://media.giphy.com/media/rxEWQCZ1QBNcWcWGnc/giphy.gif
https://giphy.com/gifs/P3kOxRgV3gHHz6vq2x,132822,GIF,P3kOxRgV3gHHz6vq2x,https://media.giphy.com/media/P3kOxRgV3gHHz6vq2x/giphy.gif
https://giphy.com/gifs/OTYwlKuRX5ghvrGunW,129272,GIF,OTYwlKuRX5ghvrGunW,https://media.giphy.com/media/OTYwlKuRX5ghvrGunW/giphy.gif
https://giphy.com/gifs/ciOjIU8Fifp68tf0iX,122707,GIF,ciOjIU8Fifp68tf0iX,https://media.giphy.com/media/ciOjIU8Fifp68tf0iX/giphy.gif
https://giphy.com/gifs/gw8pF5IgZrsQbpi9pv,115747,GIF,gw8pF5IgZrsQbpi9pv,https://media.giphy.com/media/gw8pF5IgZrsQbpi9pv/giphy.gif
https://giphy.com/gifs/j0yFzFlQtF5dRKWecD,114299,GIF,j0yFzFlQtF5dRKWecD,https://media.giphy.com/media/j0yFzFlQtF5dRKWecD/giphy.gif
https://giphy.com/gifs/MDcajZ3TwyHotuDP2A,111734,GIF,MDcajZ3TwyHotuDP2A,https://media.giphy.com/media/MDcajZ3TwyHotuDP2A/giphy.gif
https://giphy.com/gifs/SbfCrZB402sWzhHwpQ,107053,GIF,SbfCrZB402sWzhHwpQ,https://media.giphy.com/media/SbfCrZB402sWzhHwpQ/giphy.gif
https://giphy.com/stickers/l8tr7cVn72UPJhCbh5,104787,STICKER,l8tr7cVn72UPJhCbh5,https://media.giphy.com/media/l8tr7cVn72UPJhCbh5/giphy.gif
https://giphy.com/gifs/HMxseJJyq01teLq8Jd,100620,GIF,HMxseJJyq01teLq8Jd,https://media.giphy.com/media/HMxseJJyq01teLq8Jd/giphy.gif
https://giphy.com/gifs/Q0iggPyoT4SgDCrUkZ,94878,GIF,Q0iggPyoT4SgDCrUkZ,https://media.giphy.com/media/Q0iggPyoT4SgDCrUkZ/giphy.gif
https://giphy.com/stickers/COKPySgHwIXwHUuDgs,89677,STICKER,COKPySgHwIXwHUuDgs,https://media.giphy.com/media/COKPySgHwIXwHUuDgs/giphy.gif
https://giphy.com/stickers/pRq44ZyhjuTB2jzPYR,85250,STICKER,pRq44ZyhjuTB2jzPYR,https://media.giphy.com/media/pRq44ZyhjuTB2jzPYR/giphy.gif
https://giphy.com/gifs/xsezZZwxuRmhNjzyQ4,83099,GIF,xsezZZwxuRmhNjzyQ4,https://media.giphy.com/media/xsezZZwxuRmhNjzyQ4/giphy.gif
https://giphy.com/stickers/7njDNuyqInI4ssc4od,80851,STICKER,7njDNuyqInI4ssc4od,https://media.giphy.com/media/7njDNuyqInI4ssc4od/giphy.gif
https://giphy.com/gifs/BGpKN6h5upQlgmG0T2,79221,GIF,BGpKN6h5upQlgmG0T2,https://media.giphy.com/media/BGpKN6h5upQlgmG0T2/giphy.gif
https://giphy.com/stickers/sbqxKJFDCYdvKItsqj,77719,STICKER,sbqxKJFDCYdvKItsqj,https://media.giphy.com/media/sbqxKJFDCYdvKItsqj/giphy.gif
https://giphy.com/gifs/4tIHFVTMvcWbz3Mky8,71419,GIF,4tIHFVTMvcWbz3Mky8,https://media.giphy.com/media/4tIHFVTMvcWbz3Mky8/giphy.gif
https://giphy.com/gifs/y9vXtNRqMWJFGrEMsu,69938,GIF,y9vXtNRqMWJFGrEMsu,https://media.giphy.com/media/y9vXtNRqMWJFGrEMsu/giphy.gif
https://giphy.com/gifs/kELDNSJNNGHL8H7ROp,67547,GIF,kELDNSJNNGHL8H7ROp,https://media.giphy.com/media/kELDNSJNNGHL8H7ROp/giphy.gif
https://giphy.com/gifs/enCh8Ev2B9TBW36QO0,66887,GIF,enCh8Ev2B9TBW36QO0,https://media.giphy.com/media/enCh8Ev2B9TBW36QO0/giphy.gif
https://giphy.com/gifs/v10hYOgs6CtIvj36BF,65991,GIF,v10hYOgs6CtIvj36BF,https://media.giphy.com/media/v10hYOgs6CtIvj36BF/giphy.gif
https://giphy.com/gifs/oaP9HbCAyNxm1GwZlH,64735,GIF,oaP9HbCAyNxm1GwZlH,https://media.giphy.com/media/oaP9HbCAyNxm1GwZlH/giphy.gif
https://giphy.com/gifs/Gl75WsnAh6b6I1QCkT,63854,GIF,Gl75WsnAh6b6I1QCkT,https://media.giphy.com/media/Gl75WsnAh6b6I1QCkT/giphy.gif
https://giphy.com/gifs/JmkflYPvyFWpTqRiEX,63197,GIF,JmkflYPvyFWpTqRiEX,https://media.giphy.com/media/JmkflYPvyFWpTqRiEX/giphy.gif
https://giphy.com/gifs/XZkbXItZoFSDGDVI0X,62516,GIF,XZkbXItZoFSDGDVI0X,https://media.giphy.com/media/XZkbXItZoFSDGDVI0X/giphy.gif
https://giphy.com/gifs/ACfxWc3ApqP0FPHqLi,60547,GIF,ACfxWc3ApqP0FPHqLi,https://media.giphy.com/media/ACfxWc3ApqP0FPHqLi/giphy.gif
https://giphy.com/gifs/PuXfTFUFmmXAz8H5ef,58189,GIF,PuXfTFUFmmXAz8H5ef,https://media.giphy.com/media/PuXfTFUFmmXAz8H5ef/giphy.gif
https://giphy.com/gifs/qriKdFBjkEE7lQAG0M,55303,GIF,qriKdFBjkEE7lQAG0M,https://media.giphy.com/media/qriKdFBjkEE7lQAG0M/giphy.gif
https://giphy.com/gifs/BCruAwjrqMoMeNLeWu,54013,GIF,BCruAwjrqMoMeNLeWu,https://media.giphy.com/media/BCruAwjrqMoMeNLeWu/giphy.gif
https://giphy.com/gifs/fScWmRubLlnhQAJPXu,49529,GIF,fScWmRubLlnhQAJPXu,https://media.giphy.com/media/fScWmRubLlnhQAJPXu/giphy.gif
https://giphy.com/gifs/LSUjfgIN3SD45Cd0IV,47434,GIF,LSUjfgIN3SD45Cd0IV,https://media.giphy.com/media/LSUjfgIN3SD45Cd0IV/giphy.gif
https://giphy.com/gifs/s8KSws0odQ9YmukfJ6,46206,GIF,s8KSws0odQ9YmukfJ6,https://media.giphy.com/media/s8KSws0odQ9YmukfJ6/giphy.gif
https://giphy.com/gifs/egrahAUnpL9uzX9Bgn,45277,GIF,egrahAUnpL9uzX9Bgn,https://media.giphy.com/media/egrahAUnpL9uzX9Bgn/giphy.gif
https://giphy.com/gifs/Yepms2FNPDIGuJ65vN,41947,GIF,Yepms2FNPDIGuJ65vN,https://media.giphy.com/media/Yepms2FNPDIGuJ65vN/giphy.gif
https://giphy.com/gifs/4ac8iIMZyXyzSN8u11,41764,GIF,4ac8iIMZyXyzSN8u11,https://media.giphy.com/media/4ac8iIMZyXyzSN8u11/giphy.gif
https://giphy.com/gifs/6gH7cpD6Jrdp0mSRl9,39465,GIF,6gH7cpD6Jrdp0mSRl9,https://media.giphy.com/media/6gH7cpD6Jrdp0mSRl9/giphy.gif
https://giphy.com/gifs/85PMhnLerBLIzE2b3I,37154,GIF,85PMhnLerBLIzE2b3I,https://media.giphy.com/media/85PMhnLerBLIzE2b3I/giphy.gif
https://giphy.com/gifs/7OOLJm4sxrGgYBS1Ht,36245,GIF,7OOLJm4sxrGgYBS1Ht,https://media.giphy.com/media/7OOLJm4sxrGgYBS1Ht/giphy.gif
https://giphy.com/gifs/ghwFyA6Z1KQTyXMbhK,32491,GIF,ghwFyA6Z1KQTyXMbhK,https://media.giphy.com/media/ghwFyA6Z1KQTyXMbhK/giphy.gif
https://giphy.com/gifs/G4zrYIoVOcuPrdw1qR,32122,GIF,G4zrYIoVOcuPrdw1qR,https://media.giphy.com/media/G4zrYIoVOcuPrdw1qR/giphy.gif
https://giphy.com/gifs/gA8UDkY85y0l2F1kUO,30331,GIF,gA8UDkY85y0l2F1kUO,https://media.giphy.com/media/gA8UDkY85y0l2F1kUO/giphy.gif
https://giphy.com/gifs/7os2VfC4NZRYo7ioN3,29508,GIF,7os2VfC4NZRYo7ioN3,https://media.giphy.com/media/7os2VfC4NZRYo7ioN3/giphy.gif
https://giphy.com/gifs/dxzRoAEDBArHYMeJ5H,26419,GIF,dxzRoAEDBArHYMeJ5H,https://media.giphy.com/media/dxzRoAEDBArHYMeJ5H/giphy.gif
https://giphy.com/gifs/iWO8g00Pj5YUsaHxdZ,23974,GIF,iWO8g00Pj5YUsaHxdZ,https://media.giphy.com/media/iWO8g00Pj5YUsaHxdZ/giphy.gif
https://giphy.com/gifs/OFATMQ8xuOxYpGExza,14484,GIF,OFATMQ8xuOxYpGExza,https://media.giphy.com/media/OFATMQ8xuOxYpGExza/giphy.gif
https://giphy.com/gifs/NySVaGdiwYBCz31tJv,8760,GIF,NySVaGdiwYBCz31tJv,https://media.giphy.com/media/NySVaGdiwYBCz31tJv/giphy.gif
https://giphy.com/gifs/YKBzY84d5Jro8fMvAT,358,GIF,YKBzY84d5Jro8fMvAT,https://media.giphy.com/media/YKBzY84d5Jro8fMvAT/giphy.gif
https://giphy.com/stickers/7quF2sbeeep0ohS8N9,4331918,STICKER,7quF2sbeeep0ohS8N9,https://media.giphy.com/media/7quF2sbeeep0ohS8N9/giphy.gif
https://giphy.com/gifs/pLsMCvMmUlu1OPy1cK,3763708,GIF,pLsMCvMmUlu1OPy1cK,https://media.giphy.com/media/pLsMCvMmUlu1OPy1cK/giphy.gif
https://giphy.com/stickers/zGOarGaBByoXSgAamq,3308857,STICKER,zGOarGaBByoXSgAamq,https://media.giphy.com/media/zGOarGaBByoXSgAamq/giphy.gif
https://giphy.com/gifs/jBqTFdsrS70YmgxgYt,3287225,GIF,jBqTFdsrS70YmgxgYt,https://media.giphy.com/media/jBqTFdsrS70YmgxgYt/giphy.gif
https://giphy.com/stickers/TxFCje4TAG8NehHq7t,3191757,STICKER,TxFCje4TAG8NehHq7t,https://media.giphy.com/media/TxFCje4TAG8NehHq7t/giphy.gif
https://giphy.com/stickers/o5ndg7twKV8tgi8T0R,2831851,STICKER,o5ndg7twKV8tgi8T0R,https://media.giphy.com/media/o5ndg7twKV8tgi8T0R/giphy.gif
https://giphy.com/stickers/bEicsaM5x1X61np0pH,2392278,STICKER,bEicsaM5x1X61np0pH,https://media.giphy.com/media/bEicsaM5x1X61np0pH/giphy.gif
https://giphy.com/stickers/UQmrKklbDhcRaVKBm2,2251307,STICKER,UQmrKklbDhcRaVKBm2,https://media.giphy.com/media/UQmrKklbDhcRaVKBm2/giphy.gif
https://giphy.com/stickers/wxD9i3pmOw4GzkZrjF,1681098,STICKER,wxD9i3pmOw4GzkZrjF,https://media.giphy.com/media/wxD9i3pmOw4GzkZrjF/giphy.gif
https://giphy.com/stickers/6QrXYlSgDEp7t5lQ4u,1612732,STICKER,6QrXYlSgDEp7t5lQ4u,https://media.giphy.com/media/6QrXYlSgDEp7t5lQ4u/giphy.gif
https://giphy.com/stickers/sUyc0VpoDIeRaOsJBw,1378181,STICKER,sUyc0VpoDIeRaOsJBw,https://media.giphy.com/media/sUyc0VpoDIeRaOsJBw/giphy.gif
https://giphy.com/stickers/6tbxjBjJzQgY60ghHy,1247887,STICKER,6tbxjBjJzQgY60ghHy,https://media.giphy.com/media/6tbxjBjJzQgY60ghHy/giphy.gif
https://giphy.com/gifs/8ZkGWzf3OwKlybzGW7,1241923,GIF,8ZkGWzf3OwKlybzGW7,https://media.giphy.com/media/8ZkGWzf3OwKlybzGW7/giphy.gif
https://giphy.com/gifs/tUCnksUX5YcAvMGII0,1199084,GIF,tUCnksUX5YcAvMGII0,https://media.giphy.com/media/tUCnksUX5YcAvMGII0/giphy.gif
https://giphy.com/gifs/MU56aJwr66pdOOExm1,975069,GIF,MU56aJwr66pdOOExm1,https://media.giphy.com/media/MU56aJwr66pdOOExm1/giphy.gif
https://giphy.com/stickers/3is4Lkus1nVo4ymw8z,899195,STICKER,3is4Lkus1nVo4ymw8z,https://media.giphy.com/media/3is4Lkus1nVo4ymw8z/giphy.gif
https://giphy.com/stickers/wYvSUIiwo6kVVKXarv,822205,STICKER,wYvSUIiwo6kVVKXarv,https://media.giphy.com/media/wYvSUIiwo6kVVKXarv/giphy.gif
https://giphy.com/stickers/O4PS6MMbX1Po1PxDD3,817033,STICKER,O4PS6MMbX1Po1PxDD3,https://media.giphy.com/media/O4PS6MMbX1Po1PxDD3/giphy.gif
https://giphy.com/stickers/iYWr42350Jc7yLYBq9,809806,STICKER,iYWr42350Jc7yLYBq9,https://media.giphy.com/media/iYWr42350Jc7yLYBq9/giphy.gif
https://giphy.com/gifs/ZR91yX6B8mtN0l6zEl,645608,GIF,ZR91yX6B8mtN0l6zEl,https://media.giphy.com/media/ZR91yX6B8mtN0l6zEl/giphy.gif
https://giphy.com/stickers/cy4ZSfor06OPnTbnLd,636964,STICKER,cy4ZSfor06OPnTbnLd,https://media.giphy.com/media/cy4ZSfor06OPnTbnLd/giphy.gif
https://giphy.com/stickers/CF8HOAQ9sjZpnA3b7s,636236,STICKER,CF8HOAQ9sjZpnA3b7s,https://media.giphy.com/media/CF8HOAQ9sjZpnA3b7s/giphy.gif
https://giphy.com/gifs/BEAPmRk3EiGFRumoHb,635084,GIF,BEAPmRk3EiGFRumoHb,https://media.giphy.com/media/BEAPmRk3EiGFRumoHb/giphy.gif
https://giphy.com/stickers/EDhZLpDirFlnFnVOk5,621821,STICKER,EDhZLpDirFlnFnVOk5,https://media.giphy.com/media/EDhZLpDirFlnFnVOk5/giphy.gif
https://giphy.com/stickers/oDOrsF4Aqi8JDBvXvU,616178,STICKER,oDOrsF4Aqi8JDBvXvU,https://media.giphy.com/media/oDOrsF4Aqi8JDBvXvU/giphy.gif
https://giphy.com/gifs/pfr4fvO7ZlGGY7Jw9b,596710,GIF,pfr4fvO7ZlGGY7Jw9b,https://media.giphy.com/media/pfr4fvO7ZlGGY7Jw9b/giphy.gif
https://giphy.com/gifs/0zF843qnZ4dp8uASKM,571350,GIF,0zF843qnZ4dp8uASKM,https://media.giphy.com/media/0zF843qnZ4dp8uASKM/giphy.gif
https://giphy.com/stickers/47etNHBRVWggXnfhiR,559286,STICKER,47etNHBRVWggXnfhiR,https://media.giphy.com/media/47etNHBRVWggXnfhiR/giphy.gif
https://giphy.com/stickers/lOrbpsmQ2fQi06ZfME,547243,STICKER,lOrbpsmQ2fQi06ZfME,https://media.giphy.com/media/lOrbpsmQ2fQi06ZfME/giphy.gif
https://giphy.com/stickers/hzcR9mKKsLiFrNCWJE,542847,STICKER,hzcR9mKKsLiFrNCWJE,https://media.giphy.com/media/hzcR9mKKsLiFrNCWJE/giphy.gif
https://giphy.com/stickers/2YfGjo1njNS0vJa1Iu,530771,STICKER,2YfGjo1njNS0vJa1Iu,https://media.giphy.com/media/2YfGjo1njNS0vJa1Iu/giphy.gif
https://giphy.com/gifs/nZn3H6Vt5IiEIkSiv4,509397,GIF,nZn3H6Vt5IiEIkSiv4,https://media.giphy.com/media/nZn3H6Vt5IiEIkSiv4/giphy.gif
https://giphy.com/stickers/Ua6iGKm6aIgZ6upmWN,505491,STICKER,Ua6iGKm6aIgZ6upmWN,https://media.giphy.com/media/Ua6iGKm6aIgZ6upmWN/giphy.gif
https://giphy.com/gifs/AbtXKrzXdSpfjrKiiu,501655,GIF,AbtXKrzXdSpfjrKiiu,https://media.giphy.com/media/AbtXKrzXdSpfjrKiiu/giphy.gif
https://giphy.com/gifs/lJYImdfGJDyyywfolG,501333,GIF,lJYImdfGJDyyywfolG,https://media.giphy.com/media/lJYImdfGJDyyywfolG/giphy.gif
https://giphy.com/stickers/ieg8AFaoCLrDUNsFmf,497810,STICKER,ieg8AFaoCLrDUNsFmf,https://media.giphy.com/media/ieg8AFaoCLrDUNsFmf/giphy.gif
https://giphy.com/gifs/SfuhAGbrCKYFgjzTky,463847,GIF,SfuhAGbrCKYFgjzTky,https://media.giphy.com/media/SfuhAGbrCKYFgjzTky/giphy.gif
https://giphy.com/stickers/yS30xTXdkmbXEY8KpJ,454386,STICKER,yS30xTXdkmbXEY8KpJ,https://media.giphy.com/media/yS30xTXdkmbXEY8KpJ/giphy.gif
https://giphy.com/stickers/6A0lrmJ4iDotWU4VJZ,415658,STICKER,6A0lrmJ4iDotWU4VJZ,https://media.giphy.com/media/6A0lrmJ4iDotWU4VJZ/giphy.gif
https://giphy.com/stickers/dbil0XPyhM0xNN5u6w,414370,STICKER,dbil0XPyhM0xNN5u6w,https://media.giphy.com/media/dbil0XPyhM0xNN5u6w/giphy.gif
https://giphy.com/stickers/qawPfuXP7VaHWLdebL,399871,STICKER,qawPfuXP7VaHWLdebL,https://media.giphy.com/media/qawPfuXP7VaHWLdebL/giphy.gif
https://giphy.com/gifs/At2hxxmlasBgNGkOuE,393356,GIF,At2hxxmlasBgNGkOuE,https://media.giphy.com/media/At2hxxmlasBgNGkOuE/giphy.gif
https://giphy.com/stickers/DrrQmvg34MmAEgEary,385549,STICKER,DrrQmvg34MmAEgEary,https://media.giphy.com/media/DrrQmvg34MmAEgEary/giphy.gif
https://giphy.com/stickers/EL4uc3cA22diqi7smR,371800,STICKER,EL4uc3cA22diqi7smR,https://media.giphy.com/media/EL4uc3cA22diqi7smR/giphy.gif
https://giphy.com/gifs/6WD8I4CCgcPSWeHoG0,357559,GIF,6WD8I4CCgcPSWeHoG0,https://media.giphy.com/media/6WD8I4CCgcPSWeHoG0/giphy.gif
https://giphy.com/stickers/S8ayk9zHqqKk6y3rhO,355337,STICKER,S8ayk9zHqqKk6y3rhO,https://media.giphy.com/media/S8ayk9zHqqKk6y3rhO/giphy.gif
https://giphy.com/gifs/KXoU8PYaq0nRuGF9WP,348303,GIF,KXoU8PYaq0nRuGF9WP,https://media.giphy.com/media/KXoU8PYaq0nRuGF9WP/giphy.gif
https://giphy.com/gifs/y7HUArU6k0hVWHHgzF,343277,GIF,y7HUArU6k0hVWHHgzF,https://media.giphy.com/media/y7HUArU6k0hVWHHgzF/giphy.gif
https://giphy.com/stickers/sZw41l81pO7QLuvZDT,339790,STICKER,sZw41l81pO7QLuvZDT,https://media.giphy.com/media/sZw41l81pO7QLuvZDT/giphy.gif
https://giphy.com/gifs/TYczLLvX65AEf9pWgL,315715,GIF,TYczLLvX65AEf9pWgL,https://media.giphy.com/media/TYczLLvX65AEf9pWgL/giphy.gif
https://giphy.com/gifs/22yEfLc5ciFAJIpkL3,311736,GIF,22yEfLc5ciFAJIpkL3,https://media.giphy.com/media/22yEfLc5ciFAJIpkL3/giphy.gif
https://giphy.com/gifs/weL0qXnptDK8zRg1J8,307749,GIF,weL0qXnptDK8zRg1J8,https://media.giphy.com/media/weL0qXnptDK8zRg1J8/giphy.gif
https://giphy.com/gifs/hUCy2bXnMjAFy6wRdk,292858,GIF,hUCy2bXnMjAFy6wRdk,https://media.giphy.com/media/hUCy2bXnMjAFy6wRdk/giphy.gif
https://giphy.com/gifs/VV66Q8wx0r4iFlq5Ux,275002,GIF,VV66Q8wx0r4iFlq5Ux,https://media.giphy.com/media/VV66Q8wx0r4iFlq5Ux/giphy.gif
https://giphy.com/stickers/ESnRZ12ftqI1QgDCpw,269633,STICKER,ESnRZ12ftqI1QgDCpw,https://media.giphy.com/media/ESnRZ12ftqI1QgDCpw/giphy.gif
https://giphy.com/stickers/pZpIKY1oqiSKngtJ01,269413,STICKER,pZpIKY1oqiSKngtJ01,https://media.giphy.com/media/pZpIKY1oqiSKngtJ01/giphy.gif
https://giphy.com/stickers/0xSWMgxIpUG3bsKwoJ,260833,STICKER,0xSWMgxIpUG3bsKwoJ,https://media.giphy.com/media/0xSWMgxIpUG3bsKwoJ/giphy.gif
https://giphy.com/gifs/xgLY7fZQRdwBSH7Pq9,247881,GIF,xgLY7fZQRdwBSH7Pq9,https://media.giphy.com/media/xgLY7fZQRdwBSH7Pq9/giphy.gif
https://giphy.com/stickers/C3FCn9cYcbKKzDyPoZ,246608,STICKER,C3FCn9cYcbKKzDyPoZ,https://media.giphy.com/media/C3FCn9cYcbKKzDyPoZ/giphy.gif
https://giphy.com/stickers/10Bsn55TMndv3SUAHf,244496,STICKER,10Bsn55TMndv3SUAHf,https://media.giphy.com/media/10Bsn55TMndv3SUAHf/giphy.gif
https://giphy.com/stickers/iT7z0Dx2oaxVm7VkVn,230987,STICKER,iT7z0Dx2oaxVm7VkVn,https://media.giphy.com/media/iT7z0Dx2oaxVm7VkVn/giphy.gif
https://giphy.com/gifs/B0IIE7MEHUXKFr6RUl,228025,GIF,B0IIE7MEHUXKFr6RUl,https://media.giphy.com/media/B0IIE7MEHUXKFr6RUl/giphy.gif
https://giphy.com/stickers/MMun7kXZSRALTGFgNX,225827,STICKER,MMun7kXZSRALTGFgNX,https://media.giphy.com/media/MMun7kXZSRALTGFgNX/giphy.gif
https://giphy.com/stickers/fLTS4mB4DbIdtjxoOA,216770,STICKER,fLTS4mB4DbIdtjxoOA,https://media.giphy.com/media/fLTS4mB4DbIdtjxoOA/giphy.gif
https://giphy.com/stickers/2Qk0xOdhooESzfTDNK,215096,STICKER,2Qk0xOdhooESzfTDNK,https://media.giphy.com/media/2Qk0xOdhooESzfTDNK/giphy.gif
https://giphy.com/gifs/6FTzPPR5gnjk4TMze4,188717,GIF,6FTzPPR5gnjk4TMze4,https://media.giphy.com/media/6FTzPPR5gnjk4TMze4/giphy.gif
https://giphy.com/gifs/Fd7hkwf1x3vPaYqyvk,184819,GIF,Fd7hkwf1x3vPaYqyvk,https://media.giphy.com/media/Fd7hkwf1x3vPaYqyvk/giphy.gif
https://giphy.com/stickers/QgRvagkJMZbdy3MZdc,179979,STICKER,QgRvagkJMZbdy3MZdc,https://media.giphy.com/media/QgRvagkJMZbdy3MZdc/giphy.gif
https://giphy.com/stickers/6xJXb2s26mRZG7TeMM,179412,STICKER,6xJXb2s26mRZG7TeMM,https://media.giphy.com/media/6xJXb2s26mRZG7TeMM/giphy.gif
https://giphy.com/gifs/L5CX0vHPBfaZnaCBK1,176585,GIF,L5CX0vHPBfaZnaCBK1,https://media.giphy.com/media/L5CX0vHPBfaZnaCBK1/giphy.gif
https://giphy.com/stickers/0sgzueaN9DdXt4LyZM,175601,STICKER,0sgzueaN9DdXt4LyZM,https://media.giphy.com/media/0sgzueaN9DdXt4LyZM/giphy.gif
https://giphy.com/gifs/gLfzzp3GIOMepxFofz,168887,GIF,gLfzzp3GIOMepxFofz,https://media.giphy.com/media/gLfzzp3GIOMepxFofz/giphy.gif
https://giphy.com/stickers/VH4CpujEwEGx1PgBac,164696,STICKER,VH4CpujEwEGx1PgBac,https://media.giphy.com/media/VH4CpujEwEGx1PgBac/giphy.gif
https://giphy.com/gifs/stRIslxYzkxieyHNNR,162964,GIF,stRIslxYzkxieyHNNR,https://media.giphy.com/media/stRIslxYzkxieyHNNR/giphy.gif
https://giphy.com/stickers/tb5KmqvUH8g94WdFkt,156500,STICKER,tb5KmqvUH8g94WdFkt,https://media.giphy.com/media/tb5KmqvUH8g94WdFkt/giphy.gif
https://giphy.com/gifs/fxNDe66gyPWwzxDe3k,154363,GIF,fxNDe66gyPWwzxDe3k,https://media.giphy.com/media/fxNDe66gyPWwzxDe3k/giphy.gif
https://giphy.com/gifs/SwQROkyJiQ1CpTjD28,153242,GIF,SwQROkyJiQ1CpTjD28,https://media.giphy.com/media/SwQROkyJiQ1CpTjD28/giphy.gif
https://giphy.com/gifs/tn2ckW9ikvz2dCgFo4,152393,GIF,tn2ckW9ikvz2dCgFo4,https://media.giphy.com/media/tn2ckW9ikvz2dCgFo4/giphy.gif
https://giphy.com/gifs/1My0RfDFxuK75LbqPZ,146595,GIF,1My0RfDFxuK75LbqPZ,https://media.giphy.com/media/1My0RfDFxuK75LbqPZ/giphy.gif
https://giphy.com/gifs/KLWxJBaJ5W9kr9iGTV,146149,GIF,KLWxJBaJ5W9kr9iGTV,https://media.giphy.com/media/KLWxJBaJ5W9kr9iGTV/giphy.gif
https://giphy.com/gifs/DdB9ye2Df61aCRCcd9,140725,GIF,DdB9ye2Df61aCRCcd9,https://media.giphy.com/media/DdB9ye2Df61aCRCcd9/giphy.gif
https://giphy.com/gifs/gj8xi8xtQHWx0vZWsX,137664,GIF,gj8xi8xtQHWx0vZWsX,https://media.giphy.com/media/gj8xi8xtQHWx0vZWsX/giphy.gif
https://giphy.com/gifs/JTqsUUt4p6K05bKtzs,134503,GIF,JTqsUUt4p6K05bKtzs,https://media.giphy.com/media/JTqsUUt4p6K05bKtzs/giphy.gif
https://giphy.com/stickers/t0LjsQgWo8OZcqJyNg,128926,STICKER,t0LjsQgWo8OZcqJyNg,https://media.giphy.com/media/t0LjsQgWo8OZcqJyNg/giphy.gif
https://giphy.com/gifs/WrJFMvygFbyt53ZJ4o,124749,GIF,WrJFMvygFbyt53ZJ4o,https://media.giphy.com/media/WrJFMvygFbyt53ZJ4o/giphy.gif
https://giphy.com/gifs/RTCzyr9vXtAoXEqMqQ,117280,GIF,RTCzyr9vXtAoXEqMqQ,https://media.giphy.com/media/RTCzyr9vXtAoXEqMqQ/giphy.gif
https://giphy.com/stickers/eno448peSqOhPijztl,104988,STICKER,eno448peSqOhPijztl,https://media.giphy.com/media/eno448peSqOhPijztl/giphy.gif
https://giphy.com/gifs/c7VrRge0nMlsiQJbrn,104321,GIF,c7VrRge0nMlsiQJbrn,https://media.giphy.com/media/c7VrRge0nMlsiQJbrn/giphy.gif
https://giphy.com/gifs/N7t76SnBEfcVslNwu6,104313,GIF,N7t76SnBEfcVslNwu6,https://media.giphy.com/media/N7t76SnBEfcVslNwu6/giphy.gif
https://giphy.com/gifs/sTgMhpW7hVbdncA4FP,101046,GIF,sTgMhpW7hVbdncA4FP,https://media.giphy.com/media/sTgMhpW7hVbdncA4FP/giphy.gif
https://giphy.com/gifs/jSOwiaXWbjwO2jit61,86972,GIF,jSOwiaXWbjwO2jit61,https://media.giphy.com/media/jSOwiaXWbjwO2jit61/giphy.gif
https://giphy.com/gifs/bHyad23l78rmZ7Ci16,83200,GIF,bHyad23l78rmZ7Ci16,https://media.giphy.com/media/bHyad23l78rmZ7Ci16/giphy.gif
https://giphy.com/gifs/g5E83MZD8Zp5una4Xs,81785,GIF,g5E83MZD8Zp5una4Xs,https://media.giphy.com/media/g5E83MZD8Zp5una4Xs/giphy.gif
https://giphy.com/gifs/eSqH5wmgghsRg12YIA,78332,GIF,eSqH5wmgghsRg12YIA,https://media.giphy.com/media/eSqH5wmgghsRg12YIA/giphy.gif
https://giphy.com/stickers/IcNj1vL0V8iEtnhUl3,66980,STICKER,IcNj1vL0V8iEtnhUl3,https://media.giphy.com/media/IcNj1vL0V8iEtnhUl3/giphy.gif
https://giphy.com/gifs/oO1lfAJW5LK10SBgLX,64330,GIF,oO1lfAJW5LK10SBgLX,https://media.giphy.com/media/oO1lfAJW5LK10SBgLX/giphy.gif
https://giphy.com/gifs/Y6yllc5VWuVWb4CHBd,37447,GIF,Y6yllc5VWuVWb4CHBd,https://media.giphy.com/media/Y6yllc5VWuVWb4CHBd/giphy.gif
https://giphy.com/gifs/HAqjQO26O0rxGLe1JU,20304,GIF,HAqjQO26O0rxGLe1JU,https://media.giphy.com/media/HAqjQO26O0rxGLe1JU/giphy.gif
https://giphy.com/gifs/pKA5egI6RbnyNo5Eby,11040,GIF,pKA5egI6RbnyNo5Eby,https://media.giphy.com/media/pKA5egI6RbnyNo5Eby/giphy.gif
https://giphy.com/stickers/oojp3r53CmzbfGbihE,4302,STICKER,oojp3r53CmzbfGbihE,https://media.giphy.com/media/oojp3r53CmzbfGbihE/giphy.gif
https://giphy.com/stickers/PGWq3MsvcKXriSAiyF,7809762,STICKER,PGWq3MsvcKXriSAiyF,https://media.giphy.com/media/PGWq3MsvcKXriSAiyF/giphy.gif
https://giphy.com/gifs/NXnLgtGei2jX1PeJQw,3422694,GIF,NXnLgtGei2jX1PeJQw,https://media.giphy.com/media/NXnLgtGei2jX1PeJQw/giphy.gif
https://giphy.com/stickers/HJ4RgJdbMY74kVb99w,2125217,STICKER,HJ4RgJdbMY74kVb99w,https://media.giphy.com/media/HJ4RgJdbMY74kVb99w/giphy.gif
https://giphy.com/gifs/uRwvc8Roa9bLCsFYzq,1562760,GIF,uRwvc8Roa9bLCsFYzq,https://media.giphy.com/media/uRwvc8Roa9bLCsFYzq/giphy.gif
https://giphy.com/gifs/JtN8nsvaVW356r07ox,1529879,GIF,JtN8nsvaVW356r07ox,https://media.giphy.com/media/JtN8nsvaVW356r07ox/giphy.gif
https://giphy.com/stickers/KjWh29hHzADyUDbSwl,1457325,STICKER,KjWh29hHzADyUDbSwl,https://media.giphy.com/media/KjWh29hHzADyUDbSwl/giphy.gif
https://giphy.com/stickers/yqA4yr37Kl9nde0bu0,1287801,STICKER,yqA4yr37Kl9nde0bu0,https://media.giphy.com/media/yqA4yr37Kl9nde0bu0/giphy.gif
https://giphy.com/gifs/dTMSyqARn2U5z05YQA,1052246,GIF,dTMSyqARn2U5z05YQA,https://media.giphy.com/media/dTMSyqARn2U5z05YQA/giphy.gif
https://giphy.com/stickers/rV4h4qfFdlnketKU2K,944690,STICKER,rV4h4qfFdlnketKU2K,https://media.giphy.com/media/rV4h4qfFdlnketKU2K/giphy.gif
https://giphy.com/stickers/dTkh6kejyf4E2Ljij7,892064,STICKER,dTkh6kejyf4E2Ljij7,https://media.giphy.com/media/dTkh6kejyf4E2Ljij7/giphy.gif
https://giphy.com/stickers/85YKKMPVzad3gSyWm2,889897,STICKER,85YKKMPVzad3gSyWm2,https://media.giphy.com/media/85YKKMPVzad3gSyWm2/giphy.gif
https://giphy.com/stickers/ueoSC7MjH5Z4lPq2GK,811208,STICKER,ueoSC7MjH5Z4lPq2GK,https://media.giphy.com/media/ueoSC7MjH5Z4lPq2GK/giphy.gif
https://giphy.com/stickers/pLaU93R6Kk43r1KZSK,804957,STICKER,pLaU93R6Kk43r1KZSK,https://media.giphy.com/media/pLaU93R6Kk43r1KZSK/giphy.gif
https://giphy.com/stickers/joyQJXnBqImbF5GBaD,745291,STICKER,joyQJXnBqImbF5GBaD,https://media.giphy.com/media/joyQJXnBqImbF5GBaD/giphy.gif
https://giphy.com/stickers/L1tFg9niPU0n8TDI1i,729650,STICKER,L1tFg9niPU0n8TDI1i,https://media.giphy.com/media/L1tFg9niPU0n8TDI1i/giphy.gif
https://giphy.com/gifs/BM4xWkuKDafzmbONVD,719406,GIF,BM4xWkuKDafzmbONVD,https://media.giphy.com/media/BM4xWkuKDafzmbONVD/giphy.gif
https://giphy.com/stickers/uoc2lVRBmBRJzLEYl4,717912,STICKER,uoc2lVRBmBRJzLEYl4,https://media.giphy.com/media/uoc2lVRBmBRJzLEYl4/giphy.gif
https://giphy.com/gifs/ZdSUw0ijIdFI1ir6va,698188,GIF,ZdSUw0ijIdFI1ir6va,https://media.giphy.com/media/ZdSUw0ijIdFI1ir6va/giphy.gif
https://giphy.com/gifs/2hT94WS12hu0fDHeNp,684421,GIF,2hT94WS12hu0fDHeNp,https://media.giphy.com/media/2hT94WS12hu0fDHeNp/giphy.gif
https://giphy.com/stickers/UY5dBoFXJLxbwxG5xL,674379,STICKER,UY5dBoFXJLxbwxG5xL,https://media.giphy.com/media/UY5dBoFXJLxbwxG5xL/giphy.gif
https://giphy.com/gifs/w1LsCMaLgi55FPeXqp,667067,GIF,w1LsCMaLgi55FPeXqp,https://media.giphy.com/media/w1LsCMaLgi55FPeXqp/giphy.gif
https://giphy.com/stickers/sQUc4XdBwY5w5ALSiq,657000,STICKER,sQUc4XdBwY5w5ALSiq,https://media.giphy.com/media/sQUc4XdBwY5w5ALSiq/giphy.gif
https://giphy.com/gifs/gSjklqUv4iodGkb9hT,627944,GIF,gSjklqUv4iodGkb9hT,https://media.giphy.com/media/gSjklqUv4iodGkb9hT/giphy.gif
https://giphy.com/stickers/oihe7wGVYHbS5wf5jc,623492,STICKER,oihe7wGVYHbS5wf5jc,https://media.giphy.com/media/oihe7wGVYHbS5wf5jc/giphy.gif
https://giphy.com/stickers/DQmbcuUT09eesFh195,603006,STICKER,DQmbcuUT09eesFh195,https://media.giphy.com/media/DQmbcuUT09eesFh195/giphy.gif
https://giphy.com/stickers/Rv5FOgQSRjSrp4ESaN,599108,STICKER,Rv5FOgQSRjSrp4ESaN,https://media.giphy.com/media/Rv5FOgQSRjSrp4ESaN/giphy.gif
https://giphy.com/stickers/UjqUXTlIokVVq0oO3g,466070,STICKER,UjqUXTlIokVVq0oO3g,https://media.giphy.com/media/UjqUXTlIokVVq0oO3g/giphy.gif
https://giphy.com/stickers/9EXoeLdXxkbuzjfFtA,462033,STICKER,9EXoeLdXxkbuzjfFtA,https://media.giphy.com/media/9EXoeLdXxkbuzjfFtA/giphy.gif
https://giphy.com/stickers/LDlvGph0KLIIBF6yEh,462020,STICKER,LDlvGph0KLIIBF6yEh,https://media.giphy.com/media/LDlvGph0KLIIBF6yEh/giphy.gif
https://giphy.com/stickers/5E4g9PjSkDORCf0zqw,435094,STICKER,5E4g9PjSkDORCf0zqw,https://media.giphy.com/media/5E4g9PjSkDORCf0zqw/giphy.gif
https://giphy.com/gifs/sZkpfOreRycklLRFrD,430407,GIF,sZkpfOreRycklLRFrD,https://media.giphy.com/media/sZkpfOreRycklLRFrD/giphy.gif
https://giphy.com/stickers/YIjzTfPhfC8VOIJRot,425640,STICKER,YIjzTfPhfC8VOIJRot,https://media.giphy.com/media/YIjzTfPhfC8VOIJRot/giphy.gif
https://giphy.com/gifs/88TNz2Ey9JnmY8CyV9,395671,GIF,88TNz2Ey9JnmY8CyV9,https://media.giphy.com/media/88TNz2Ey9JnmY8CyV9/giphy.gif
https://giphy.com/stickers/WTDSsZRpwClHXWKDce,391616,STICKER,WTDSsZRpwClHXWKDce,https://media.giphy.com/media/WTDSsZRpwClHXWKDce/giphy.gif
https://giphy.com/gifs/7ABSPn584apzerwIum,383191,GIF,7ABSPn584apzerwIum,https://media.giphy.com/media/7ABSPn584apzerwIum/giphy.gif
https://giphy.com/stickers/GigY7bbl5gqn8aMaF0,370312,STICKER,GigY7bbl5gqn8aMaF0,https://media.giphy.com/media/GigY7bbl5gqn8aMaF0/giphy.gif
https://giphy.com/stickers/LyvikgBJP6Wf4TxIIW,363375,STICKER,LyvikgBJP6Wf4TxIIW,https://media.giphy.com/media/LyvikgBJP6Wf4TxIIW/giphy.gif
https://giphy.com/gifs/WdCGfyWjXK515S1TC9,289928,GIF,WdCGfyWjXK515S1TC9,https://media.giphy.com/media/WdCGfyWjXK515S1TC9/giphy.gif
https://giphy.com/gifs/vEELVMkD2mIgaXMeZb,284096,GIF,vEELVMkD2mIgaXMeZb,https://media.giphy.com/media/vEELVMkD2mIgaXMeZb/giphy.gif
https://giphy.com/gifs/fJMOVvtTJcXJTCPPzl,279873,GIF,fJMOVvtTJcXJTCPPzl,https://media.giphy.com/media/fJMOVvtTJcXJTCPPzl/giphy.gif
https://giphy.com/gifs/L6eVnJTX2S90o4uBAT,269858,GIF,L6eVnJTX2S90o4uBAT,https://media.giphy.com/media/L6eVnJTX2S90o4uBAT/giphy.gif
https://giphy.com/stickers/AnqaYkaUgVr8p486t1,253651,STICKER,AnqaYkaUgVr8p486t1,https://media.giphy.com/media/AnqaYkaUgVr8p486t1/giphy.gif
https://giphy.com/gifs/eBDcUdzlhfGSnCCkMS,242653,GIF,eBDcUdzlhfGSnCCkMS,https://media.giphy.com/media/eBDcUdzlhfGSnCCkMS/giphy.gif
https://giphy.com/stickers/gMdRmP0ZDdA52ow5Ie,240908,STICKER,gMdRmP0ZDdA52ow5Ie,https://media.giphy.com/media/gMdRmP0ZDdA52ow5Ie/giphy.gif
https://giphy.com/gifs/s5rAgU7fpRoJnt9Wr8,230544,GIF,s5rAgU7fpRoJnt9Wr8,https://media.giphy.com/media/s5rAgU7fpRoJnt9Wr8/giphy.gif
https://giphy.com/gifs/5yq3cTqJlIvze20x0D,227075,GIF,5yq3cTqJlIvze20x0D,https://media.giphy.com/media/5yq3cTqJlIvze20x0D/giphy.gif
https://giphy.com/stickers/17Pp73gHI0FvSne0Pw,217951,STICKER,17Pp73gHI0FvSne0Pw,https://media.giphy.com/media/17Pp73gHI0FvSne0Pw/giphy.gif
https://giphy.com/gifs/B9aYmo3C730moDt4bj,216051,GIF,B9aYmo3C730moDt4bj,https://media.giphy.com/media/B9aYmo3C730moDt4bj/giphy.gif
https://giphy.com/gifs/NMCJ1pGHhSYaiZiYBF,212267,GIF,NMCJ1pGHhSYaiZiYBF,https://media.giphy.com/media/NMCJ1pGHhSYaiZiYBF/giphy.gif
https://giphy.com/gifs/sz6ViEUWROYSmIM1lo,204133,GIF,sz6ViEUWROYSmIM1lo,https://media.giphy.com/media/sz6ViEUWROYSmIM1lo/giphy.gif
https://giphy.com/gifs/Mi65O1CU2pB00OAGIr,171359,GIF,Mi65O1CU2pB00OAGIr,https://media.giphy.com/media/Mi65O1CU2pB00OAGIr/giphy.gif
https://giphy.com/stickers/P54iR0USUXcXOIpcxA,165852,STICKER,P54iR0USUXcXOIpcxA,https://media.giphy.com/media/P54iR0USUXcXOIpcxA/giphy.gif
https://giphy.com/gifs/Tmy4CFp7EF2FZyP6S7,159528,GIF,Tmy4CFp7EF2FZyP6S7,https://media.giphy.com/media/Tmy4CFp7EF2FZyP6S7/giphy.gif
https://giphy.com/gifs/VnKLGi7tdoZ7dbvSOq,155424,GIF,VnKLGi7tdoZ7dbvSOq,https://media.giphy.com/media/VnKLGi7tdoZ7dbvSOq/giphy.gif
https://giphy.com/gifs/FWtxPSKQ9BXVrBlEXq,155000,GIF,FWtxPSKQ9BXVrBlEXq,https://media.giphy.com/media/FWtxPSKQ9BXVrBlEXq/giphy.gif
https://giphy.com/gifs/QQuHfyrVlci26BBAFv,146352,GIF,QQuHfyrVlci26BBAFv,https://media.giphy.com/media/QQuHfyrVlci26BBAFv/giphy.gif
https://giphy.com/gifs/zXYr4B6sHcPSp7SwGn,138014,GIF,zXYr4B6sHcPSp7SwGn,https://media.giphy.com/media/zXYr4B6sHcPSp7SwGn/giphy.gif
https://giphy.com/gifs/fB0u4tKSVQaFaBjo0Y,134171,GIF,fB0u4tKSVQaFaBjo0Y,https://media.giphy.com/media/fB0u4tKSVQaFaBjo0Y/giphy.gif
https://giphy.com/gifs/pVgXqJkkM7gLhqucUc,124876,GIF,pVgXqJkkM7gLhqucUc,https://media.giphy.com/media/pVgXqJkkM7gLhqucUc/giphy.gif
https://giphy.com/gifs/wNJ8Z6eHpwkI16BJ2T,115253,GIF,wNJ8Z6eHpwkI16BJ2T,https://media.giphy.com/media/wNJ8Z6eHpwkI16BJ2T/giphy.gif
https://giphy.com/gifs/FpMRVujKOaFAJXMDih,104297,GIF,FpMRVujKOaFAJXMDih,https://media.giphy.com/media/FpMRVujKOaFAJXMDih/giphy.gif
https://giphy.com/gifs/FUMS67sVgUr7vgl6x5,103713,GIF,FUMS67sVgUr7vgl6x5,https://media.giphy.com/media/FUMS67sVgUr7vgl6x5/giphy.gif
https://giphy.com/gifs/YpyrQ22FpbEYXHIcFM,94749,GIF,YpyrQ22FpbEYXHIcFM,https://media.giphy.com/media/YpyrQ22FpbEYXHIcFM/giphy.gif
https://giphy.com/gifs/xGXQYTtUVJLEQxtLdE,93118,GIF,xGXQYTtUVJLEQxtLdE,https://media.giphy.com/media/xGXQYTtUVJLEQxtLdE/giphy.gif
https://giphy.com/stickers/UwuzRSMLI7ifLPvx5c,92181,STICKER,UwuzRSMLI7ifLPvx5c,https://media.giphy.com/media/UwuzRSMLI7ifLPvx5c/giphy.gif
https://giphy.com/gifs/7Xt2XN8pcEGtL7GZJl,79225,GIF,7Xt2XN8pcEGtL7GZJl,https://media.giphy.com/media/7Xt2XN8pcEGtL7GZJl/giphy.gif
https://giphy.com/gifs/rDZu5mI9BgRdntoVef,69127,GIF,rDZu5mI9BgRdntoVef,https://media.giphy.com/media/rDZu5mI9BgRdntoVef/giphy.gif
https://giphy.com/gifs/C6WfQmMqpkUvj4137C,63877,GIF,C6WfQmMqpkUvj4137C,https://media.giphy.com/media/C6WfQmMqpkUvj4137C/giphy.gif
